Merchant,Date,Product,Event,Count of events,Usd Amount,,,,,,,,,,,,,,,,
282t1vpldi,01/01/2013,Basic API,Charge,33,329967,,,,,,,,,,,,,,,,
282t1vpldi,01/02/2013,Basic API,Charge,17,169983,,,,,,,,,,,,,,,,
282t1vpldi,01/03/2013,Basic API,Charge,20,199980,,,,,,,,,,,,,,,,
282t1vpldi,01/04/2013,Basic API,Charge,21,209979,,,,,,,,,,,,,,,,
282t1vpldi,01/05/2013,Recurring,Subscription.Charge,23,229977,,,,,,,,,,,,,,,,
282t1vpldi,01/06/2013,Recurring,Subscription.Charge,21,209979,,,,,,,,,,,,,,,,
282t1vpldi,01/07/2013,Recurring,Subscription.Charge,25,249975,,,,,,,,,,,,,,,,
282t1vpldi,01/08/2013,Recurring,Subscription.Charge,26,259974,,,,,,,,,,,,,,,,
282t1vpldi,01/09/2013,Recurring,Subscription.Charge,25,249975,,,,,,,,,,,,,,,,
282t1vpldi,01/10/2013,Recurring,Subscription.Charge,26,259974,,,,,,,,,,,,,,,,
282t1vpldi,01/11/2013,Recurring,Subscription.Charge,28,279972,,,,,,,,,,,,,,,,
282t1vpldi,01/12/2013,Recurring,Subscription.Charge,29,289971,,,,,,,,,,,,,,,,
282t1vpldi,01/01/2014,Recurring,Subscription.Charge,46,459954,,,,,,,,,,,,,,,,
282t1vpldi,01/02/2014,Recurring,Subscription.Charge,28,279972,,,,,,,,,,,,,,,,
282t1vpldi,01/03/2014,Recurring,Subscription.Charge,26,259974,,,,,,,,,,,,,,,,
282t1vpldi,01/04/2014,Recurring,Subscription.Charge,30,299970,,,,,,,,,,,,,,,,
282t1vpldi,01/05/2014,Recurring,Subscription.Charge,29,289971,,,,,,,,,,,,,,,,
282t1vpldi,01/06/2014,Recurring,Subscription.Charge,31,309969,,,,,,,,,,,,,,,,
282t1vpldi,01/07/2014,Recurring,Subscription.Charge,31,309969,,,,,,,,,,,,,,,,
282t1vpldi,01/08/2014,Recurring,Subscription.Charge,34,339966,,,,,,,,,,,,,,,,
282t1vpldi,01/09/2014,Recurring,Subscription.Charge,37,369963,,,,,,,,,,,,,,,,
282t1vpldi,01/10/2014,Recurring,Subscription.Charge,35,349965,,,,,,,,,,,,,,,,
282t1vpldi,01/11/2014,Recurring,Subscription.Charge,39,389961,,,,,,,,,,,,,,,,
282t1vpldi,01/12/2014,Recurring,Subscription.Charge,39,389961,,,,,,,,,,,,,,,,
2x5fpa2a9k9,01/01/2013,Basic API,Charge,119,1189881,,,,,,,,,,,,,,,,
2x5fpa2a9k9,01/02/2013,Basic API,Charge,157,1569843,,,,,,,,,,,,,,,,
2x5fpa2a9k9,01/03/2013,Basic API,Charge,173,1729827,,,,,,,,,,,,,,,,
2x5fpa2a9k9,01/04/2013,Basic API,Charge,196,1959804,,,,,,,,,,,,,,,,
2x5fpa2a9k9,01/06/2013,Basic API,Charge,130,1299870,,,,,,,,,,,,,,,,
2x5fpa2a9k9,01/07/2013,Basic API,Charge,241,2409759,,,,,,,,,,,,,,,,
2x5fpa2a9k9,01/08/2013,Basic API,Charge,260,2599740,,,,,,,,,,,,,,,,
2x5fpa2a9k9,01/09/2013,Basic API,Charge,247,2469753,,,,,,,,,,,,,,,,
2x5fpa2a9k9,01/10/2013,Basic API,Charge,295,2949705,,,,,,,,,,,,,,,,
2x5fpa2a9k9,01/11/2013,Basic API,Charge,281,2809719,,,,,,,,,,,,,,,,
2x5fpa2a9k9,01/12/2013,Basic API,Charge,302,3019698,,,,,,,,,,,,,,,,
2x5fpa2a9k9,01/01/2014,Basic API,Charge,340,3399660,,,,,,,,,,,,,,,,
2x5fpa2a9k9,01/02/2014,Basic API,Charge,350,3499650,,,,,,,,,,,,,,,,
2x5fpa2a9k9,01/03/2014,Basic API,Charge,337,3369663,,,,,,,,,,,,,,,,
2x5fpa2a9k9,01/04/2014,Basic API,Charge,338,3379662,,,,,,,,,,,,,,,,
2x5fpa2a9k9,01/05/2014,Basic API,Charge,356,3559644,,,,,,,,,,,,,,,,
2x5fpa2a9k9,01/06/2014,Basic API,Charge,423,4229577,,,,,,,,,,,,,,,,
2x5fpa2a9k9,01/07/2014,Basic API,Charge,403,4029597,,,,,,,,,,,,,,,,
2x5fpa2a9k9,01/08/2014,Basic API,Charge,454,4539546,,,,,,,,,,,,,,,,
2x5fpa2a9k9,01/09/2014,Basic API,Charge,463,4629537,,,,,,,,,,,,,,,,
2x5fpa2a9k9,01/10/2014,Basic API,Charge,475,4749525,,,,,,,,,,,,,,,,
2x5fpa2a9k9,01/11/2014,Basic API,Charge,484,4839516,,,,,,,,,,,,,,,,
2x5fpa2a9k9,01/12/2014,Basic API,Charge,527,5269473,,,,,,,,,,,,,,,,
2x5fpa2a9k9,01/05/2013,Recurring,Subscription.Charge,190,1899810,,,,,,,,,,,,,,,,
2x5fpa2a9k9,01/06/2013,Recurring,Subscription.Charge,100,999900,,,,,,,,,,,,,,,,
39rrckrzfr,01/01/2014,Basic API,Charge,80,79920,,,,,,,,,,,,,,,,
39rrckrzfr,01/02/2014,Basic API,Charge,135,134865,,,,,,,,,,,,,,,,
39rrckrzfr,01/03/2014,Basic API,Charge,118,117882,,,,,,,,,,,,,,,,
39rrckrzfr,01/04/2014,Basic API,Charge,96,95904,,,,,,,,,,,,,,,,
39rrckrzfr,01/05/2014,Basic API,Charge,61,60939,,,,,,,,,,,,,,,,
39rrckrzfr,01/06/2014,Basic API,Charge,41,40959,,,,,,,,,,,,,,,,
39rrckrzfr,01/07/2014,Basic API,Charge,21,20979,,,,,,,,,,,,,,,,
39rrckrzfr,01/08/2014,Basic API,Charge,11,10989,,,,,,,,,,,,,,,,
39rrckrzfr,01/09/2014,Basic API,Charge,12,11988,,,,,,,,,,,,,,,,
39rrckrzfr,01/10/2013,Recurring,Subscription.Charge,108,107892,,,,,,,,,,,,,,,,
39rrckrzfr,01/11/2013,Recurring,Subscription.Charge,143,142857,,,,,,,,,,,,,,,,
39rrckrzfr,01/12/2013,Recurring,Subscription.Charge,149,148851,,,,,,,,,,,,,,,,
39rrckrzfr,01/01/2014,Recurring,Subscription.Charge,57,56943,,,,,,,,,,,,,,,,
3r5r60f6r,01/01/2013,Marketplaces,Marketplace.Charge,112,796010,,,,,,,,,,,,,,,,
3r5r60f6r,01/02/2013,Marketplaces,Marketplace.Charge,123,946710,,,,,,,,,,,,,,,,
3r5r60f6r,01/03/2013,Marketplaces,Marketplace.Charge,147,1034604,,,,,,,,,,,,,,,,
3r5r60f6r,01/04/2013,Marketplaces,Marketplace.Charge,162,1142435,,,,,,,,,,,,,,,,
3r5r60f6r,01/05/2013,Marketplaces,Marketplace.Charge,189,1348179,,,,,,,,,,,,,,,,
3r5r60f6r,01/06/2013,Marketplaces,Marketplace.Charge,185,1380149,,,,,,,,,,,,,,,,
3r5r60f6r,01/07/2013,Marketplaces,Marketplace.Charge,193,1397849,,,,,,,,,,,,,,,,
3r5r60f6r,01/08/2013,Marketplaces,Marketplace.Charge,197,1516746,,,,,,,,,,,,,,,,
3r5r60f6r,01/09/2013,Marketplaces,Marketplace.Charge,218,1578557,,,,,,,,,,,,,,,,
3r5r60f6r,01/10/2013,Marketplaces,Marketplace.Charge,247,1789576,,,,,,,,,,,,,,,,
3r5r60f6r,01/11/2013,Marketplaces,Marketplace.Charge,209,1548071,,,,,,,,,,,,,,,,
3r5r60f6r,01/12/2013,Marketplaces,Marketplace.Charge,242,1824779,,,,,,,,,,,,,,,,
3r5r60f6r,01/01/2014,Marketplaces,Marketplace.Charge,200,1401707,,,,,,,,,,,,,,,,
3r5r60f6r,01/02/2014,Marketplaces,Marketplace.Charge,203,1509623,,,,,,,,,,,,,,,,
3r5r60f6r,01/03/2014,Marketplaces,Marketplace.Charge,216,1614399,,,,,,,,,,,,,,,,
3r5r60f6r,01/04/2014,Marketplaces,Marketplace.Charge,223,1595160,,,,,,,,,,,,,,,,
3r5r60f6r,01/05/2014,Marketplaces,Marketplace.Charge,203,1483617,,,,,,,,,,,,,,,,
3r5r60f6r,01/06/2014,Marketplaces,Marketplace.Charge,217,1622443,,,,,,,,,,,,,,,,
3r5r60f6r,01/07/2014,Marketplaces,Marketplace.Charge,248,1898915,,,,,,,,,,,,,,,,
3r5r60f6r,01/08/2014,Marketplaces,Marketplace.Charge,280,2066609,,,,,,,,,,,,,,,,
3r5r60f6r,01/09/2014,Marketplaces,Marketplace.Charge,228,1703340,,,,,,,,,,,,,,,,
3r5r60f6r,01/10/2014,Marketplaces,Marketplace.Charge,255,1841854,,,,,,,,,,,,,,,,
3r5r60f6r,01/11/2014,Marketplaces,Marketplace.Charge,237,1677389,,,,,,,,,,,,,,,,
3r5r60f6r,01/12/2014,Marketplaces,Marketplace.Charge,254,1876675,,,,,,,,,,,,,,,,
4p36czyqfr,01/03/2013,Marketplaces,Marketplace.Charge,128,1325725,,,,,,,,,,,,,,,,
4p36czyqfr,01/04/2013,Marketplaces,Marketplace.Charge,129,1301077,,,,,,,,,,,,,,,,
4p36czyqfr,01/05/2013,Marketplaces,Marketplace.Charge,147,1605867,,,,,,,,,,,,,,,,
4p36czyqfr,01/06/2013,Marketplaces,Marketplace.Charge,186,2032520,,,,,,,,,,,,,,,,
4p36czyqfr,01/07/2013,Marketplaces,Marketplace.Charge,218,2317135,,,,,,,,,,,,,,,,
4p36czyqfr,01/08/2013,Marketplaces,Marketplace.Charge,255,2599998,,,,,,,,,,,,,,,,
4p36czyqfr,01/09/2013,Marketplaces,Marketplace.Charge,281,2949931,,,,,,,,,,,,,,,,
4p36czyqfr,01/10/2013,Marketplaces,Marketplace.Charge,285,3124789,,,,,,,,,,,,,,,,
4p36czyqfr,01/11/2013,Marketplaces,Marketplace.Charge,287,3114545,,,,,,,,,,,,,,,,
4p36czyqfr,01/12/2013,Marketplaces,Marketplace.Charge,288,2994583,,,,,,,,,,,,,,,,
4p36czyqfr,01/01/2014,Marketplaces,Marketplace.Charge,346,3704937,,,,,,,,,,,,,,,,
4p36czyqfr,01/02/2014,Marketplaces,Marketplace.Charge,315,3401155,,,,,,,,,,,,,,,,
4p36czyqfr,01/03/2014,Marketplaces,Marketplace.Charge,320,3269841,,,,,,,,,,,,,,,,
4p36czyqfr,01/04/2014,Marketplaces,Marketplace.Charge,285,2939511,,,,,,,,,,,,,,,,
4p36czyqfr,01/05/2014,Marketplaces,Marketplace.Charge,304,3313544,,,,,,,,,,,,,,,,
4p36czyqfr,01/06/2014,Marketplaces,Marketplace.Charge,319,3379000,,,,,,,,,,,,,,,,
4p36czyqfr,01/07/2014,Marketplaces,Marketplace.Charge,335,3600906,,,,,,,,,,,,,,,,
4p36czyqfr,01/08/2014,Marketplaces,Marketplace.Charge,405,4433996,,,,,,,,,,,,,,,,
4p36czyqfr,01/09/2014,Marketplaces,Marketplace.Charge,383,3971171,,,,,,,,,,,,,,,,
4p36czyqfr,01/10/2014,Marketplaces,Marketplace.Charge,413,4384934,,,,,,,,,,,,,,,,
4p36czyqfr,01/11/2014,Marketplaces,Marketplace.Charge,434,4470313,,,,,,,,,,,,,,,,
4p36czyqfr,01/12/2014,Marketplaces,Marketplace.Charge,356,3572188,,,,,,,,,,,,,,,,
50zxrqc9pb9,01/06/2013,Marketplaces,Marketplace.Charge,33,287611,,,,,,,,,,,,,,,,
50zxrqc9pb9,01/07/2013,Marketplaces,Marketplace.Charge,36,316593,,,,,,,,,,,,,,,,
50zxrqc9pb9,01/08/2013,Marketplaces,Marketplace.Charge,48,385503,,,,,,,,,,,,,,,,
50zxrqc9pb9,01/09/2013,Marketplaces,Marketplace.Charge,65,546057,,,,,,,,,,,,,,,,
50zxrqc9pb9,01/10/2013,Marketplaces,Marketplace.Charge,80,670879,,,,,,,,,,,,,,,,
50zxrqc9pb9,01/11/2013,Marketplaces,Marketplace.Charge,81,649096,,,,,,,,,,,,,,,,
50zxrqc9pb9,01/12/2013,Marketplaces,Marketplace.Charge,90,774984,,,,,,,,,,,,,,,,
50zxrqc9pb9,01/01/2014,Marketplaces,Marketplace.Charge,92,801100,,,,,,,,,,,,,,,,
50zxrqc9pb9,01/02/2014,Marketplaces,Marketplace.Charge,97,824309,,,,,,,,,,,,,,,,
50zxrqc9pb9,01/03/2014,Marketplaces,Marketplace.Charge,100,804492,,,,,,,,,,,,,,,,
50zxrqc9pb9,01/04/2014,Marketplaces,Marketplace.Charge,103,870380,,,,,,,,,,,,,,,,
50zxrqc9pb9,01/05/2014,Marketplaces,Marketplace.Charge,109,920423,,,,,,,,,,,,,,,,
50zxrqc9pb9,01/06/2014,Marketplaces,Marketplace.Charge,90,739985,,,,,,,,,,,,,,,,
50zxrqc9pb9,01/07/2014,Marketplaces,Marketplace.Charge,103,899436,,,,,,,,,,,,,,,,
50zxrqc9pb9,01/08/2014,Marketplaces,Marketplace.Charge,103,855390,,,,,,,,,,,,,,,,
50zxrqc9pb9,01/09/2014,Marketplaces,Marketplace.Charge,118,1014162,,,,,,,,,,,,,,,,
50zxrqc9pb9,01/10/2014,Marketplaces,Marketplace.Charge,117,1013814,,,,,,,,,,,,,,,,
50zxrqc9pb9,01/11/2014,Marketplaces,Marketplace.Charge,118,948616,,,,,,,,,,,,,,,,
50zxrqc9pb9,01/12/2014,Marketplaces,Marketplace.Charge,135,1107237,,,,,,,,,,,,,,,,
5ellnhilik9,01/05/2013,Recurring,Subscription.Charge,568,56800,,,,,,,,,,,,,,,,
5ellnhilik9,01/06/2013,Recurring,Subscription.Charge,621,62100,,,,,,,,,,,,,,,,
5ellnhilik9,01/07/2013,Recurring,Subscription.Charge,921,92100,,,,,,,,,,,,,,,,
5ellnhilik9,01/08/2013,Recurring,Subscription.Charge,1024,102400,,,,,,,,,,,,,,,,
5ellnhilik9,01/09/2013,Recurring,Subscription.Charge,1411,141100,,,,,,,,,,,,,,,,
5ellnhilik9,01/10/2013,Recurring,Subscription.Charge,1341,134100,,,,,,,,,,,,,,,,
5ellnhilik9,01/11/2013,Recurring,Subscription.Charge,1497,149700,,,,,,,,,,,,,,,,
5ellnhilik9,01/12/2013,Recurring,Subscription.Charge,1771,177100,,,,,,,,,,,,,,,,
5ellnhilik9,01/01/2014,Recurring,Subscription.Charge,1804,180400,,,,,,,,,,,,,,,,
5ellnhilik9,01/02/2014,Recurring,Subscription.Charge,1942,194200,,,,,,,,,,,,,,,,
5ellnhilik9,01/03/2014,Recurring,Subscription.Charge,2133,213300,,,,,,,,,,,,,,,,
5ellnhilik9,01/04/2014,Recurring,Subscription.Charge,2643,264300,,,,,,,,,,,,,,,,
5ellnhilik9,01/05/2014,Recurring,Subscription.Charge,3171,317100,,,,,,,,,,,,,,,,
5ellnhilik9,01/06/2014,Recurring,Subscription.Charge,4053,405300,,,,,,,,,,,,,,,,
5ellnhilik9,01/07/2014,Recurring,Subscription.Charge,5765,576500,,,,,,,,,,,,,,,,
5ellnhilik9,01/08/2014,Recurring,Subscription.Charge,7236,723600,,,,,,,,,,,,,,,,
5ellnhilik9,01/09/2014,Recurring,Subscription.Charge,8612,861200,,,,,,,,,,,,,,,,
5ellnhilik9,01/10/2014,Recurring,Subscription.Charge,10200,1020000,,,,,,,,,,,,,,,,
5ellnhilik9,01/11/2014,Recurring,Subscription.Charge,14331,1433100,,,,,,,,,,,,,,,,
5ellnhilik9,01/12/2014,Recurring,Subscription.Charge,16325,1632500,,,,,,,,,,,,,,,,
8kkxv1xxbt9,01/08/2013,Cart,Cart.AddItem,6877,,,,,,,,,,,,,,,,,
8kkxv1xxbt9,01/09/2013,Cart,Cart.AddItem,6495,,,,,,,,,,,,,,,,,
8kkxv1xxbt9,01/10/2013,Cart,Cart.AddItem,7293,,,,,,,,,,,,,,,,,
8kkxv1xxbt9,01/11/2013,Cart,Cart.AddItem,6435,,,,,,,,,,,,,,,,,
8kkxv1xxbt9,01/12/2013,Cart,Cart.AddItem,8709,,,,,,,,,,,,,,,,,
8kkxv1xxbt9,01/01/2014,Cart,Cart.AddItem,9281,,,,,,,,,,,,,,,,,
8kkxv1xxbt9,01/02/2014,Cart,Cart.AddItem,9847,,,,,,,,,,,,,,,,,
8kkxv1xxbt9,01/03/2014,Cart,Cart.AddItem,9476,,,,,,,,,,,,,,,,,
8kkxv1xxbt9,01/04/2014,Cart,Cart.AddItem,8175,,,,,,,,,,,,,,,,,
8kkxv1xxbt9,01/05/2014,Cart,Cart.AddItem,10524,,,,,,,,,,,,,,,,,
8kkxv1xxbt9,01/06/2014,Cart,Cart.AddItem,10241,,,,,,,,,,,,,,,,,
8kkxv1xxbt9,01/07/2014,Cart,Cart.AddItem,9893,,,,,,,,,,,,,,,,,
8kkxv1xxbt9,01/08/2014,Cart,Cart.AddItem,10138,,,,,,,,,,,,,,,,,
8kkxv1xxbt9,01/09/2014,Cart,Cart.AddItem,11549,,,,,,,,,,,,,,,,,
8kkxv1xxbt9,01/10/2014,Cart,Cart.AddItem,10985,,,,,,,,,,,,,,,,,
8kkxv1xxbt9,01/11/2014,Cart,Cart.AddItem,10909,,,,,,,,,,,,,,,,,
8kkxv1xxbt9,01/12/2014,Cart,Cart.AddItem,13668,,,,,,,,,,,,,,,,,
8kkxv1xxbt9,01/08/2013,Cart,Cart.Checkout,5645,,,,,,,,,,,,,,,,,
8kkxv1xxbt9,01/09/2013,Cart,Cart.Checkout,5370,,,,,,,,,,,,,,,,,
8kkxv1xxbt9,01/10/2013,Cart,Cart.Checkout,6018,,,,,,,,,,,,,,,,,
8kkxv1xxbt9,01/11/2013,Cart,Cart.Checkout,5633,,,,,,,,,,,,,,,,,
8kkxv1xxbt9,01/12/2013,Cart,Cart.Checkout,7424,,,,,,,,,,,,,,,,,
8kkxv1xxbt9,01/01/2014,Cart,Cart.Checkout,7694,,,,,,,,,,,,,,,,,
8kkxv1xxbt9,01/02/2014,Cart,Cart.Checkout,8354,,,,,,,,,,,,,,,,,
8kkxv1xxbt9,01/03/2014,Cart,Cart.Checkout,8317,,,,,,,,,,,,,,,,,
8kkxv1xxbt9,01/04/2014,Cart,Cart.Checkout,6799,,,,,,,,,,,,,,,,,
8kkxv1xxbt9,01/05/2014,Cart,Cart.Checkout,8669,,,,,,,,,,,,,,,,,
8kkxv1xxbt9,01/06/2014,Cart,Cart.Checkout,8203,,,,,,,,,,,,,,,,,
8kkxv1xxbt9,01/07/2014,Cart,Cart.Checkout,8656,,,,,,,,,,,,,,,,,
8kkxv1xxbt9,01/08/2014,Cart,Cart.Checkout,8471,,,,,,,,,,,,,,,,,
8kkxv1xxbt9,01/09/2014,Cart,Cart.Checkout,9354,,,,,,,,,,,,,,,,,
8kkxv1xxbt9,01/10/2014,Cart,Cart.Checkout,8975,,,,,,,,,,,,,,,,,
8kkxv1xxbt9,01/11/2014,Cart,Cart.Checkout,9147,,,,,,,,,,,,,,,,,
8kkxv1xxbt9,01/12/2014,Cart,Cart.Checkout,10981,,,,,,,,,,,,,,,,,
8kkxv1xxbt9,01/08/2013,Cart,Cart.PaymentSubmit,1823,16200,,,,,,,,,,,,,,,,
8kkxv1xxbt9,01/09/2013,Cart,Cart.PaymentSubmit,1691,35600,,,,,,,,,,,,,,,,
8kkxv1xxbt9,01/10/2013,Cart,Cart.PaymentSubmit,1713,70600,,,,,,,,,,,,,,,,
8kkxv1xxbt9,01/11/2013,Cart,Cart.PaymentSubmit,1475,137900,,,,,,,,,,,,,,,,
8kkxv1xxbt9,01/12/2013,Cart,Cart.PaymentSubmit,2134,194900,,,,,,,,,,,,,,,,
8kkxv1xxbt9,01/01/2014,Cart,Cart.PaymentSubmit,1972,242300,,,,,,,,,,,,,,,,
8kkxv1xxbt9,01/02/2014,Cart,Cart.PaymentSubmit,1996,4376354,,,,,,,,,,,,,,,,
8kkxv1xxbt9,01/03/2014,Cart,Cart.PaymentSubmit,1845,3809960,,,,,,,,,,,,,,,,
8kkxv1xxbt9,01/04/2014,Cart,Cart.PaymentSubmit,1482,3155546,,,,,,,,,,,,,,,,
8kkxv1xxbt9,01/05/2014,Cart,Cart.PaymentSubmit,1740,3803028,,,,,,,,,,,,,,,,
8kkxv1xxbt9,01/06/2014,Cart,Cart.PaymentSubmit,1577,3431153,,,,,,,,,,,,,,,,
8kkxv1xxbt9,01/07/2014,Cart,Cart.PaymentSubmit,1669,3636629,,,,,,,,,,,,,,,,
8kkxv1xxbt9,01/08/2014,Cart,Cart.PaymentSubmit,1567,3221306,,,,,,,,,,,,,,,,
8kkxv1xxbt9,01/09/2014,Cart,Cart.PaymentSubmit,1780,3680152,,,,,,,,,,,,,,,,
8kkxv1xxbt9,01/10/2014,Cart,Cart.PaymentSubmit,1437,3086413,,,,,,,,,,,,,,,,
8kkxv1xxbt9,01/11/2014,Cart,Cart.PaymentSubmit,1571,3348566,,,,,,,,,,,,,,,,
8kkxv1xxbt9,01/12/2014,Cart,Cart.PaymentSubmit,1595,3310940,,,,,,,,,,,,,,,,
8kkxv1xxbt9,01/08/2013,Cart,Cart.ViewItem,22879,,,,,,,,,,,,,,,,,
8kkxv1xxbt9,01/09/2013,Cart,Cart.ViewItem,20051,,,,,,,,,,,,,,,,,
8kkxv1xxbt9,01/10/2013,Cart,Cart.ViewItem,22518,,,,,,,,,,,,,,,,,
8kkxv1xxbt9,01/11/2013,Cart,Cart.ViewItem,21219,,,,,,,,,,,,,,,,,
8kkxv1xxbt9,01/12/2013,Cart,Cart.ViewItem,27502,,,,,,,,,,,,,,,,,
8kkxv1xxbt9,01/01/2014,Cart,Cart.ViewItem,28389,,,,,,,,,,,,,,,,,
8kkxv1xxbt9,01/02/2014,Cart,Cart.ViewItem,29972,,,,,,,,,,,,,,,,,
8kkxv1xxbt9,01/03/2014,Cart,Cart.ViewItem,29563,,,,,,,,,,,,,,,,,
8kkxv1xxbt9,01/04/2014,Cart,Cart.ViewItem,26322,,,,,,,,,,,,,,,,,
8kkxv1xxbt9,01/05/2014,Cart,Cart.ViewItem,33021,,,,,,,,,,,,,,,,,
8kkxv1xxbt9,01/06/2014,Cart,Cart.ViewItem,33887,,,,,,,,,,,,,,,,,
8kkxv1xxbt9,01/07/2014,Cart,Cart.ViewItem,32426,,,,,,,,,,,,,,,,,
8kkxv1xxbt9,01/08/2014,Cart,Cart.ViewItem,32633,,,,,,,,,,,,,,,,,
8kkxv1xxbt9,01/09/2014,Cart,Cart.ViewItem,38117,,,,,,,,,,,,,,,,,
8kkxv1xxbt9,01/10/2014,Cart,Cart.ViewItem,36382,,,,,,,,,,,,,,,,,
8kkxv1xxbt9,01/11/2014,Cart,Cart.ViewItem,34601,,,,,,,,,,,,,,,,,
8kkxv1xxbt9,01/12/2014,Cart,Cart.ViewItem,42497,,,,,,,,,,,,,,,,,
9vd51p2e29,01/11/2013,Cart,Cart.AddItem,1602,,,,,,,,,,,,,,,,,
9vd51p2e29,01/12/2013,Cart,Cart.AddItem,1673,,,,,,,,,,,,,,,,,
9vd51p2e29,01/01/2014,Cart,Cart.AddItem,1706,,,,,,,,,,,,,,,,,
9vd51p2e29,01/02/2014,Cart,Cart.AddItem,2303,,,,,,,,,,,,,,,,,
9vd51p2e29,01/03/2014,Cart,Cart.AddItem,2734,,,,,,,,,,,,,,,,,
9vd51p2e29,01/04/2014,Cart,Cart.AddItem,2522,,,,,,,,,,,,,,,,,
9vd51p2e29,01/05/2014,Cart,Cart.AddItem,3140,,,,,,,,,,,,,,,,,
9vd51p2e29,01/06/2014,Cart,Cart.AddItem,3667,,,,,,,,,,,,,,,,,
9vd51p2e29,01/07/2014,Cart,Cart.AddItem,3560,,,,,,,,,,,,,,,,,
9vd51p2e29,01/08/2014,Cart,Cart.AddItem,4372,,,,,,,,,,,,,,,,,
9vd51p2e29,01/09/2014,Cart,Cart.AddItem,4837,,,,,,,,,,,,,,,,,
9vd51p2e29,01/10/2014,Cart,Cart.AddItem,4628,,,,,,,,,,,,,,,,,
9vd51p2e29,01/11/2014,Cart,Cart.AddItem,5587,,,,,,,,,,,,,,,,,
9vd51p2e29,01/12/2014,Cart,Cart.AddItem,7227,,,,,,,,,,,,,,,,,
9vd51p2e29,01/11/2013,Cart,Cart.Checkout,532,,,,,,,,,,,,,,,,,
9vd51p2e29,01/12/2013,Cart,Cart.Checkout,552,,,,,,,,,,,,,,,,,
9vd51p2e29,01/01/2014,Cart,Cart.Checkout,600,,,,,,,,,,,,,,,,,
9vd51p2e29,01/02/2014,Cart,Cart.Checkout,811,,,,,,,,,,,,,,,,,
9vd51p2e29,01/03/2014,Cart,Cart.Checkout,980,,,,,,,,,,,,,,,,,
9vd51p2e29,01/04/2014,Cart,Cart.Checkout,872,,,,,,,,,,,,,,,,,
9vd51p2e29,01/05/2014,Cart,Cart.Checkout,1112,,,,,,,,,,,,,,,,,
9vd51p2e29,01/06/2014,Cart,Cart.Checkout,1273,,,,,,,,,,,,,,,,,
9vd51p2e29,01/07/2014,Cart,Cart.Checkout,1320,,,,,,,,,,,,,,,,,
9vd51p2e29,01/08/2014,Cart,Cart.Checkout,1578,,,,,,,,,,,,,,,,,
9vd51p2e29,01/09/2014,Cart,Cart.Checkout,1776,,,,,,,,,,,,,,,,,
9vd51p2e29,01/10/2014,Cart,Cart.Checkout,1664,,,,,,,,,,,,,,,,,
9vd51p2e29,01/11/2014,Cart,Cart.Checkout,2007,,,,,,,,,,,,,,,,,
9vd51p2e29,01/12/2014,Cart,Cart.Checkout,2674,,,,,,,,,,,,,,,,,
9vd51p2e29,01/11/2013,Cart,Cart.PaymentSubmit,198,508374,,,,,,,,,,,,,,,,
9vd51p2e29,01/12/2013,Cart,Cart.PaymentSubmit,200,490463,,,,,,,,,,,,,,,,
9vd51p2e29,01/01/2014,Cart,Cart.PaymentSubmit,206,535161,,,,,,,,,,,,,,,,
9vd51p2e29,01/02/2014,Cart,Cart.PaymentSubmit,299,753145,,,,,,,,,,,,,,,,
9vd51p2e29,01/03/2014,Cart,Cart.PaymentSubmit,327,807014,,,,,,,,,,,,,,,,
9vd51p2e29,01/04/2014,Cart,Cart.PaymentSubmit,308,766371,,,,,,,,,,,,,,,,
9vd51p2e29,01/05/2014,Cart,Cart.PaymentSubmit,359,939602,,,,,,,,,,,,,,,,
9vd51p2e29,01/06/2014,Cart,Cart.PaymentSubmit,389,977230,,,,,,,,,,,,,,,,
9vd51p2e29,01/07/2014,Cart,Cart.PaymentSubmit,386,972222,,,,,,,,,,,,,,,,
9vd51p2e29,01/08/2014,Cart,Cart.PaymentSubmit,427,1060956,,,,,,,,,,,,,,,,
9vd51p2e29,01/09/2014,Cart,Cart.PaymentSubmit,535,1349615,,,,,,,,,,,,,,,,
9vd51p2e29,01/10/2014,Cart,Cart.PaymentSubmit,481,1257800,,,,,,,,,,,,,,,,
9vd51p2e29,01/11/2014,Cart,Cart.PaymentSubmit,524,1360422,,,,,,,,,,,,,,,,
9vd51p2e29,01/12/2014,Cart,Cart.PaymentSubmit,636,1599365,,,,,,,,,,,,,,,,
9vd51p2e29,01/11/2013,Cart,Cart.ViewItem,11777,,,,,,,,,,,,,,,,,
9vd51p2e29,01/12/2013,Cart,Cart.ViewItem,12093,,,,,,,,,,,,,,,,,
9vd51p2e29,01/01/2014,Cart,Cart.ViewItem,12353,,,,,,,,,,,,,,,,,
9vd51p2e29,01/02/2014,Cart,Cart.ViewItem,17168,,,,,,,,,,,,,,,,,
9vd51p2e29,01/03/2014,Cart,Cart.ViewItem,18896,,,,,,,,,,,,,,,,,
9vd51p2e29,01/04/2014,Cart,Cart.ViewItem,17385,,,,,,,,,,,,,,,,,
9vd51p2e29,01/05/2014,Cart,Cart.ViewItem,22314,,,,,,,,,,,,,,,,,
9vd51p2e29,01/06/2014,Cart,Cart.ViewItem,24974,,,,,,,,,,,,,,,,,
9vd51p2e29,01/07/2014,Cart,Cart.ViewItem,23400,,,,,,,,,,,,,,,,,
9vd51p2e29,01/08/2014,Cart,Cart.ViewItem,28814,,,,,,,,,,,,,,,,,
9vd51p2e29,01/09/2014,Cart,Cart.ViewItem,32325,,,,,,,,,,,,,,,,,
9vd51p2e29,01/10/2014,Cart,Cart.ViewItem,30822,,,,,,,,,,,,,,,,,
9vd51p2e29,01/11/2014,Cart,Cart.ViewItem,36622,,,,,,,,,,,,,,,,,
9vd51p2e29,01/12/2014,Cart,Cart.ViewItem,44175,,,,,,,,,,,,,,,,,
a9jszcl3di,01/10/2014,Cart,Cart.AddItem,13817,,,,,,,,,,,,,,,,,
a9jszcl3di,01/11/2014,Cart,Cart.AddItem,15226,,,,,,,,,,,,,,,,,
a9jszcl3di,01/12/2014,Cart,Cart.AddItem,19781,,,,,,,,,,,,,,,,,
a9jszcl3di,01/10/2014,Cart,Cart.Checkout,6339,,,,,,,,,,,,,,,,,
a9jszcl3di,01/11/2014,Cart,Cart.Checkout,7030,,,,,,,,,,,,,,,,,
a9jszcl3di,01/12/2014,Cart,Cart.Checkout,9692,,,,,,,,,,,,,,,,,
a9jszcl3di,01/10/2014,Cart,Cart.PaymentSubmit,1612,4156535,,,,,,,,,,,,,,,,
a9jszcl3di,01/11/2014,Cart,Cart.PaymentSubmit,2001,5279445,,,,,,,,,,,,,,,,
a9jszcl3di,01/12/2014,Cart,Cart.PaymentSubmit,2469,6022453,,,,,,,,,,,,,,,,
a9jszcl3di,01/10/2014,Cart,Cart.ViewItem,52970,,,,,,,,,,,,,,,,,
a9jszcl3di,01/11/2014,Cart,Cart.ViewItem,59159,,,,,,,,,,,,,,,,,
a9jszcl3di,01/12/2014,Cart,Cart.ViewItem,73679,,,,,,,,,,,,,,,,,
awzc15rk9,01/01/2013,Basic API,Charge,58,5800,,,,,,,,,,,,,,,,
awzc15rk9,01/02/2013,Basic API,Charge,117,11700,,,,,,,,,,,,,,,,
awzc15rk9,01/03/2013,Basic API,Charge,162,16200,,,,,,,,,,,,,,,,
awzc15rk9,01/04/2013,Basic API,Charge,105,10500,,,,,,,,,,,,,,,,
awzc15rk9,01/04/2013,Basic API,Charge,100,10000,,,,,,,,,,,,,,,,
awzc15rk9,01/05/2013,Basic API,Charge,292,29200,,,,,,,,,,,,,,,,
awzc15rk9,01/06/2013,Basic API,Charge,356,35600,,,,,,,,,,,,,,,,
awzc15rk9,01/07/2013,Basic API,Charge,457,45700,,,,,,,,,,,,,,,,
awzc15rk9,01/08/2013,Basic API,Charge,557,55700,,,,,,,,,,,,,,,,
awzc15rk9,01/09/2013,Basic API,Charge,660,66000,,,,,,,,,,,,,,,,
awzc15rk9,01/10/2013,Basic API,Charge,706,70600,,,,,,,,,,,,,,,,
awzc15rk9,01/11/2013,Basic API,Charge,1008,100800,,,,,,,,,,,,,,,,
awzc15rk9,01/12/2013,Basic API,Charge,1319,131900,,,,,,,,,,,,,,,,
awzc15rk9,01/01/2014,Basic API,Charge,1109,110900,,,,,,,,,,,,,,,,
awzc15rk9,01/02/2014,Basic API,Charge,1379,137900,,,,,,,,,,,,,,,,
awzc15rk9,01/03/2014,Basic API,Charge,1434,143400,,,,,,,,,,,,,,,,
awzc15rk9,01/04/2014,Basic API,Charge,1702,170200,,,,,,,,,,,,,,,,
awzc15rk9,01/05/2014,Basic API,Charge,1707,170700,,,,,,,,,,,,,,,,
awzc15rk9,01/06/2014,Basic API,Charge,1949,194900,,,,,,,,,,,,,,,,
awzc15rk9,01/07/2014,Basic API,Charge,1985,198500,,,,,,,,,,,,,,,,
awzc15rk9,01/08/2014,Basic API,Charge,2028,202800,,,,,,,,,,,,,,,,
awzc15rk9,01/09/2014,Basic API,Charge,2404,240400,,,,,,,,,,,,,,,,
awzc15rk9,01/10/2014,Basic API,Charge,2423,242300,,,,,,,,,,,,,,,,
awzc15rk9,01/11/2014,Basic API,Charge,2927,292700,,,,,,,,,,,,,,,,
awzc15rk9,01/12/2014,Basic API,Charge,3013,301300,,,,,,,,,,,,,,,,
c5dxqolxr,01/08/2014,Cart,Cart.AddItem,2767,,,,,,,,,,,,,,,,,
c5dxqolxr,01/09/2014,Cart,Cart.AddItem,3153,,,,,,,,,,,,,,,,,
c5dxqolxr,01/10/2014,Cart,Cart.AddItem,3715,,,,,,,,,,,,,,,,,
c5dxqolxr,01/11/2014,Cart,Cart.AddItem,3606,,,,,,,,,,,,,,,,,
c5dxqolxr,01/12/2014,Cart,Cart.AddItem,3973,,,,,,,,,,,,,,,,,
c5dxqolxr,01/08/2014,Cart,Cart.Checkout,1260,,,,,,,,,,,,,,,,,
c5dxqolxr,01/09/2014,Cart,Cart.Checkout,1474,,,,,,,,,,,,,,,,,
c5dxqolxr,01/10/2014,Cart,Cart.Checkout,1803,,,,,,,,,,,,,,,,,
c5dxqolxr,01/11/2014,Cart,Cart.Checkout,1635,,,,,,,,,,,,,,,,,
c5dxqolxr,01/12/2014,Cart,Cart.Checkout,1941,,,,,,,,,,,,,,,,,
c5dxqolxr,01/08/2014,Cart,Cart.PaymentSubmit,345,899374,,,,,,,,,,,,,,,,
c5dxqolxr,01/09/2014,Cart,Cart.PaymentSubmit,428,1093407,,,,,,,,,,,,,,,,
c5dxqolxr,01/10/2014,Cart,Cart.PaymentSubmit,462,1148252,,,,,,,,,,,,,,,,
c5dxqolxr,01/11/2014,Cart,Cart.PaymentSubmit,466,1173719,,,,,,,,,,,,,,,,
c5dxqolxr,01/12/2014,Cart,Cart.PaymentSubmit,514,1309164,,,,,,,,,,,,,,,,
c5dxqolxr,01/08/2014,Cart,Cart.ViewItem,11049,,,,,,,,,,,,,,,,,
c5dxqolxr,01/09/2014,Cart,Cart.ViewItem,12006,,,,,,,,,,,,,,,,,
c5dxqolxr,01/10/2014,Cart,Cart.ViewItem,14144,,,,,,,,,,,,,,,,,
c5dxqolxr,01/11/2014,Cart,Cart.ViewItem,14163,,,,,,,,,,,,,,,,,
c5dxqolxr,01/12/2014,Cart,Cart.ViewItem,15114,,,,,,,,,,,,,,,,,
ctow2fenrk9,01/06/2013,Recurring,Subscription.Charge,393,392607,,,,,,,,,,,,,,,,
ctow2fenrk9,01/07/2013,Recurring,Subscription.Charge,335,334665,,,,,,,,,,,,,,,,
ctow2fenrk9,01/08/2013,Recurring,Subscription.Charge,335,334665,,,,,,,,,,,,,,,,
ctow2fenrk9,01/09/2013,Recurring,Subscription.Charge,414,413586,,,,,,,,,,,,,,,,
ctow2fenrk9,01/10/2013,Recurring,Subscription.Charge,567,566433,,,,,,,,,,,,,,,,
ctow2fenrk9,01/11/2013,Recurring,Subscription.Charge,655,654345,,,,,,,,,,,,,,,,
ctow2fenrk9,01/12/2013,Recurring,Subscription.Charge,655,654345,,,,,,,,,,,,,,,,
ctow2fenrk9,01/01/2014,Recurring,Subscription.Charge,606,605394,,,,,,,,,,,,,,,,
ctow2fenrk9,01/02/2014,Recurring,Subscription.Charge,888,887112,,,,,,,,,,,,,,,,
ctow2fenrk9,01/03/2014,Recurring,Subscription.Charge,573,572427,,,,,,,,,,,,,,,,
ctow2fenrk9,01/04/2014,Recurring,Subscription.Charge,641,640359,,,,,,,,,,,,,,,,
ctow2fenrk9,01/05/2014,Recurring,Subscription.Charge,883,882117,,,,,,,,,,,,,,,,
ctow2fenrk9,01/06/2014,Recurring,Subscription.Charge,794,793206,,,,,,,,,,,,,,,,
ctow2fenrk9,01/07/2014,Recurring,Subscription.Charge,965,964035,,,,,,,,,,,,,,,,
ctow2fenrk9,01/08/2014,Recurring,Subscription.Charge,666,665334,,,,,,,,,,,,,,,,
ctow2fenrk9,01/09/2014,Recurring,Subscription.Charge,1022,1020978,,,,,,,,,,,,,,,,
ctow2fenrk9,01/10/2014,Recurring,Subscription.Charge,1334,1332666,,,,,,,,,,,,,,,,
ctow2fenrk9,01/11/2014,Recurring,Subscription.Charge,1598,1596402,,,,,,,,,,,,,,,,
ctow2fenrk9,01/12/2014,Recurring,Subscription.Charge,1531,1529469,,,,,,,,,,,,,,,,
fix7e4xtj4i,01/05/2013,Cart,Cart.AddItem,9489,,,,,,,,,,,,,,,,,
fix7e4xtj4i,01/06/2013,Cart,Cart.AddItem,9349,,,,,,,,,,,,,,,,,
fix7e4xtj4i,01/07/2013,Cart,Cart.AddItem,9143,,,,,,,,,,,,,,,,,
fix7e4xtj4i,01/08/2013,Cart,Cart.AddItem,10054,,,,,,,,,,,,,,,,,
fix7e4xtj4i,01/09/2013,Cart,Cart.AddItem,11325,,,,,,,,,,,,,,,,,
fix7e4xtj4i,01/10/2013,Cart,Cart.AddItem,11565,,,,,,,,,,,,,,,,,
fix7e4xtj4i,01/11/2013,Cart,Cart.AddItem,11599,,,,,,,,,,,,,,,,,
fix7e4xtj4i,01/12/2013,Cart,Cart.AddItem,10826,,,,,,,,,,,,,,,,,
fix7e4xtj4i,01/01/2014,Cart,Cart.AddItem,11304,,,,,,,,,,,,,,,,,
fix7e4xtj4i,01/02/2014,Cart,Cart.AddItem,12726,,,,,,,,,,,,,,,,,
fix7e4xtj4i,01/03/2014,Cart,Cart.AddItem,12345,,,,,,,,,,,,,,,,,
fix7e4xtj4i,01/04/2014,Cart,Cart.AddItem,14471,,,,,,,,,,,,,,,,,
fix7e4xtj4i,01/05/2014,Cart,Cart.AddItem,11809,,,,,,,,,,,,,,,,,
fix7e4xtj4i,01/06/2014,Cart,Cart.AddItem,13325,,,,,,,,,,,,,,,,,
fix7e4xtj4i,01/07/2014,Cart,Cart.AddItem,14979,,,,,,,,,,,,,,,,,
fix7e4xtj4i,01/08/2014,Cart,Cart.AddItem,15232,,,,,,,,,,,,,,,,,
fix7e4xtj4i,01/09/2014,Cart,Cart.AddItem,14987,,,,,,,,,,,,,,,,,
fix7e4xtj4i,01/10/2014,Cart,Cart.AddItem,15923,,,,,,,,,,,,,,,,,
fix7e4xtj4i,01/11/2014,Cart,Cart.AddItem,13977,,,,,,,,,,,,,,,,,
fix7e4xtj4i,01/12/2014,Cart,Cart.AddItem,14599,,,,,,,,,,,,,,,,,
fix7e4xtj4i,01/05/2013,Cart,Cart.Checkout,7719,,,,,,,,,,,,,,,,,
fix7e4xtj4i,01/06/2013,Cart,Cart.Checkout,7873,,,,,,,,,,,,,,,,,
fix7e4xtj4i,01/07/2013,Cart,Cart.Checkout,7532,,,,,,,,,,,,,,,,,
fix7e4xtj4i,01/08/2013,Cart,Cart.Checkout,8436,,,,,,,,,,,,,,,,,
fix7e4xtj4i,01/09/2013,Cart,Cart.Checkout,9132,,,,,,,,,,,,,,,,,
fix7e4xtj4i,01/10/2013,Cart,Cart.Checkout,10142,,,,,,,,,,,,,,,,,
fix7e4xtj4i,01/11/2013,Cart,Cart.Checkout,9700,,,,,,,,,,,,,,,,,
fix7e4xtj4i,01/12/2013,Cart,Cart.Checkout,9075,,,,,,,,,,,,,,,,,
fix7e4xtj4i,01/01/2014,Cart,Cart.Checkout,9244,,,,,,,,,,,,,,,,,
fix7e4xtj4i,01/02/2014,Cart,Cart.Checkout,10682,,,,,,,,,,,,,,,,,
fix7e4xtj4i,01/03/2014,Cart,Cart.Checkout,10285,,,,,,,,,,,,,,,,,
fix7e4xtj4i,01/04/2014,Cart,Cart.Checkout,11883,,,,,,,,,,,,,,,,,
fix7e4xtj4i,01/05/2014,Cart,Cart.Checkout,10053,,,,,,,,,,,,,,,,,
fix7e4xtj4i,01/06/2014,Cart,Cart.Checkout,10992,,,,,,,,,,,,,,,,,
fix7e4xtj4i,01/07/2014,Cart,Cart.Checkout,12810,,,,,,,,,,,,,,,,,
fix7e4xtj4i,01/08/2014,Cart,Cart.Checkout,12232,,,,,,,,,,,,,,,,,
fix7e4xtj4i,01/09/2014,Cart,Cart.Checkout,12033,,,,,,,,,,,,,,,,,
fix7e4xtj4i,01/10/2014,Cart,Cart.Checkout,13408,,,,,,,,,,,,,,,,,
fix7e4xtj4i,01/11/2014,Cart,Cart.Checkout,11633,,,,,,,,,,,,,,,,,
fix7e4xtj4i,01/12/2014,Cart,Cart.Checkout,12772,,,,,,,,,,,,,,,,,
fix7e4xtj4i,01/05/2013,Cart,Cart.PaymentSubmit,2845,5801503,,,,,,,,,,,,,,,,
fix7e4xtj4i,01/06/2013,Cart,Cart.PaymentSubmit,2819,5676518,,,,,,,,,,,,,,,,
fix7e4xtj4i,01/07/2013,Cart,Cart.PaymentSubmit,2641,5786298,,,,,,,,,,,,,,,,
fix7e4xtj4i,01/08/2013,Cart,Cart.PaymentSubmit,3177,6369960,,,,,,,,,,,,,,,,
fix7e4xtj4i,01/09/2013,Cart,Cart.PaymentSubmit,3284,6916296,,,,,,,,,,,,,,,,
fix7e4xtj4i,01/10/2013,Cart,Cart.PaymentSubmit,3579,7764154,,,,,,,,,,,,,,,,
fix7e4xtj4i,01/11/2013,Cart,Cart.PaymentSubmit,3501,7366458,,,,,,,,,,,,,,,,
fix7e4xtj4i,01/12/2013,Cart,Cart.PaymentSubmit,3044,6355546,,,,,,,,,,,,,,,,
fix7e4xtj4i,01/01/2014,Cart,Cart.PaymentSubmit,3218,6467813,,,,,,,,,,,,,,,,
fix7e4xtj4i,01/02/2014,Cart,Cart.PaymentSubmit,3365,7097908,,,,,,,,,,,,,,,,
fix7e4xtj4i,01/03/2014,Cart,Cart.PaymentSubmit,3441,7234501,,,,,,,,,,,,,,,,
fix7e4xtj4i,01/04/2014,Cart,Cart.PaymentSubmit,3948,8553188,,,,,,,,,,,,,,,,
fix7e4xtj4i,01/05/2014,Cart,Cart.PaymentSubmit,3241,6659160,,,,,,,,,,,,,,,,
fix7e4xtj4i,01/06/2014,Cart,Cart.PaymentSubmit,3515,7195878,,,,,,,,,,,,,,,,
fix7e4xtj4i,01/07/2014,Cart,Cart.PaymentSubmit,3860,8378588,,,,,,,,,,,,,,,,
fix7e4xtj4i,01/08/2014,Cart,Cart.PaymentSubmit,3665,7842572,,,,,,,,,,,,,,,,
fix7e4xtj4i,01/09/2014,Cart,Cart.PaymentSubmit,3847,7924091,,,,,,,,,,,,,,,,
fix7e4xtj4i,01/10/2014,Cart,Cart.PaymentSubmit,4077,8887048,,,,,,,,,,,,,,,,
fix7e4xtj4i,01/11/2014,Cart,Cart.PaymentSubmit,3386,7155805,,,,,,,,,,,,,,,,
fix7e4xtj4i,01/12/2014,Cart,Cart.PaymentSubmit,3829,8401608,,,,,,,,,,,,,,,,
fix7e4xtj4i,01/05/2013,Cart,Cart.ViewItem,31414,,,,,,,,,,,,,,,,,
fix7e4xtj4i,01/06/2013,Cart,Cart.ViewItem,29082,,,,,,,,,,,,,,,,,
fix7e4xtj4i,01/07/2013,Cart,Cart.ViewItem,29909,,,,,,,,,,,,,,,,,
fix7e4xtj4i,01/08/2013,Cart,Cart.ViewItem,33080,,,,,,,,,,,,,,,,,
fix7e4xtj4i,01/09/2013,Cart,Cart.ViewItem,35981,,,,,,,,,,,,,,,,,
fix7e4xtj4i,01/10/2013,Cart,Cart.ViewItem,35747,,,,,,,,,,,,,,,,,
fix7e4xtj4i,01/11/2013,Cart,Cart.ViewItem,38116,,,,,,,,,,,,,,,,,
fix7e4xtj4i,01/12/2013,Cart,Cart.ViewItem,35864,,,,,,,,,,,,,,,,,
fix7e4xtj4i,01/01/2014,Cart,Cart.ViewItem,37654,,,,,,,,,,,,,,,,,
fix7e4xtj4i,01/02/2014,Cart,Cart.ViewItem,39184,,,,,,,,,,,,,,,,,
fix7e4xtj4i,01/03/2014,Cart,Cart.ViewItem,40988,,,,,,,,,,,,,,,,,
fix7e4xtj4i,01/04/2014,Cart,Cart.ViewItem,44487,,,,,,,,,,,,,,,,,
fix7e4xtj4i,01/05/2014,Cart,Cart.ViewItem,38943,,,,,,,,,,,,,,,,,
fix7e4xtj4i,01/06/2014,Cart,Cart.ViewItem,43074,,,,,,,,,,,,,,,,,
fix7e4xtj4i,01/07/2014,Cart,Cart.ViewItem,45769,,,,,,,,,,,,,,,,,
fix7e4xtj4i,01/08/2014,Cart,Cart.ViewItem,47490,,,,,,,,,,,,,,,,,
fix7e4xtj4i,01/09/2014,Cart,Cart.ViewItem,46182,,,,,,,,,,,,,,,,,
fix7e4xtj4i,01/10/2014,Cart,Cart.ViewItem,51531,,,,,,,,,,,,,,,,,
fix7e4xtj4i,01/11/2014,Cart,Cart.ViewItem,45922,,,,,,,,,,,,,,,,,
fix7e4xtj4i,01/12/2014,Cart,Cart.ViewItem,46461,,,,,,,,,,,,,,,,,
gtey5htzkt9,01/04/2014,Basic API,Charge,444,221556,,,,,,,,,,,,,,,,
gtey5htzkt9,01/05/2014,Basic API,Charge,903,450597,,,,,,,,,,,,,,,,
gtey5htzkt9,01/06/2014,Basic API,Charge,877,437623,,,,,,,,,,,,,,,,
gtey5htzkt9,01/07/2014,Basic API,Charge,1632,814368,,,,,,,,,,,,,,,,
gtey5htzkt9,01/08/2014,Basic API,Charge,564,281436,,,,,,,,,,,,,,,,
gtey5htzkt9,01/09/2014,Basic API,Charge,1382,689618,,,,,,,,,,,,,,,,
gtey5htzkt9,01/10/2014,Basic API,Charge,2013,1004487,,,,,,,,,,,,,,,,
gtey5htzkt9,01/11/2014,Basic API,Charge,1935,965565,,,,,,,,,,,,,,,,
gtey5htzkt9,01/12/2014,Basic API,Charge,1567,781933,,,,,,,,,,,,,,,,
gtey5htzkt9,01/06/2013,Recurring,Subscription.Charge,884,441116,,,,,,,,,,,,,,,,
gtey5htzkt9,01/07/2013,Recurring,Subscription.Charge,306,152694,,,,,,,,,,,,,,,,
gtey5htzkt9,01/08/2013,Recurring,Subscription.Charge,256,127744,,,,,,,,,,,,,,,,
gtey5htzkt9,01/09/2013,Recurring,Subscription.Charge,351,175149,,,,,,,,,,,,,,,,
gtey5htzkt9,01/10/2013,Recurring,Subscription.Charge,327,163173,,,,,,,,,,,,,,,,
gtey5htzkt9,01/11/2013,Recurring,Subscription.Charge,640,319360,,,,,,,,,,,,,,,,
gtey5htzkt9,01/12/2013,Recurring,Subscription.Charge,804,401196,,,,,,,,,,,,,,,,
gtey5htzkt9,01/01/2014,Recurring,Subscription.Charge,602,300398,,,,,,,,,,,,,,,,
gtey5htzkt9,01/02/2014,Recurring,Subscription.Charge,1446,721554,,,,,,,,,,,,,,,,
gtey5htzkt9,01/03/2014,Recurring,Subscription.Charge,683,340817,,,,,,,,,,,,,,,,
gtey5htzkt9,01/04/2014,Recurring,Subscription.Charge,618,308382,,,,,,,,,,,,,,,,
hkw5486w29,01/01/2013,Marketplaces,Marketplace.Charge,1847,5889849,,,,,,,,,,,,,,,,
hkw5486w29,01/02/2013,Marketplaces,Marketplace.Charge,2141,6877162,,,,,,,,,,,,,,,,
hkw5486w29,01/03/2013,Marketplaces,Marketplace.Charge,2326,7519188,,,,,,,,,,,,,,,,
hkw5486w29,01/04/2013,Marketplaces,Marketplace.Charge,2169,7113022,,,,,,,,,,,,,,,,
hkw5486w29,01/05/2013,Marketplaces,Marketplace.Charge,2382,7618025,,,,,,,,,,,,,,,,
hkw5486w29,01/06/2013,Marketplaces,Marketplace.Charge,2476,8100983,,,,,,,,,,,,,,,,
hkw5486w29,01/07/2013,Marketplaces,Marketplace.Charge,2549,8193987,,,,,,,,,,,,,,,,
hkw5486w29,01/08/2013,Marketplaces,Marketplace.Charge,2669,9065943,,,,,,,,,,,,,,,,
hkw5486w29,01/09/2013,Marketplaces,Marketplace.Charge,3107,10588543,,,,,,,,,,,,,,,,
hkw5486w29,01/10/2013,Marketplaces,Marketplace.Charge,3020,9990205,,,,,,,,,,,,,,,,
hkw5486w29,01/11/2013,Marketplaces,Marketplace.Charge,2966,9273656,,,,,,,,,,,,,,,,
hkw5486w29,01/12/2013,Marketplaces,Marketplace.Charge,3090,9980543,,,,,,,,,,,,,,,,
hkw5486w29,01/01/2014,Marketplaces,Marketplace.Charge,3636,11273290,,,,,,,,,,,,,,,,
hkw5486w29,01/02/2014,Marketplaces,Marketplace.Charge,3560,11074705,,,,,,,,,,,,,,,,
hkw5486w29,01/03/2014,Marketplaces,Marketplace.Charge,3265,10497615,,,,,,,,,,,,,,,,
hkw5486w29,01/04/2014,Marketplaces,Marketplace.Charge,3635,11906073,,,,,,,,,,,,,,,,
hkw5486w29,01/05/2014,Marketplaces,Marketplace.Charge,3309,11204201,,,,,,,,,,,,,,,,
hkw5486w29,01/06/2014,Marketplaces,Marketplace.Charge,3424,11171028,,,,,,,,,,,,,,,,
hkw5486w29,01/07/2014,Marketplaces,Marketplace.Charge,3619,11880769,,,,,,,,,,,,,,,,
hkw5486w29,01/08/2014,Marketplaces,Marketplace.Charge,3183,9985475,,,,,,,,,,,,,,,,
hkw5486w29,01/09/2014,Marketplaces,Marketplace.Charge,3623,11272799,,,,,,,,,,,,,,,,
hkw5486w29,01/10/2014,Marketplaces,Marketplace.Charge,3539,11379389,,,,,,,,,,,,,,,,
hkw5486w29,01/11/2014,Marketplaces,Marketplace.Charge,3298,11100802,,,,,,,,,,,,,,,,
hkw5486w29,01/12/2014,Marketplaces,Marketplace.Charge,3246,10791919,,,,,,,,,,,,,,,,
hu22wwpcik9,01/01/2013,Marketplaces,Marketplace.Charge,2385,1822890,,,,,,,,,,,,,,,,
hu22wwpcik9,01/02/2013,Marketplaces,Marketplace.Charge,2272,1596739,,,,,,,,,,,,,,,,
hu22wwpcik9,01/03/2013,Marketplaces,Marketplace.Charge,2790,2096608,,,,,,,,,,,,,,,,
hu22wwpcik9,01/04/2013,Marketplaces,Marketplace.Charge,2808,2001797,,,,,,,,,,,,,,,,
hu22wwpcik9,01/05/2013,Marketplaces,Marketplace.Charge,3716,2800793,,,,,,,,,,,,,,,,
hu22wwpcik9,01/06/2013,Marketplaces,Marketplace.Charge,3310,2479339,,,,,,,,,,,,,,,,
hu22wwpcik9,01/07/2013,Marketplaces,Marketplace.Charge,3405,2418129,,,,,,,,,,,,,,,,
hu22wwpcik9,01/08/2013,Marketplaces,Marketplace.Charge,3687,2705816,,,,,,,,,,,,,,,,
hu22wwpcik9,01/09/2013,Marketplaces,Marketplace.Charge,4065,2924410,,,,,,,,,,,,,,,,
hu22wwpcik9,01/10/2013,Marketplaces,Marketplace.Charge,4398,3314233,,,,,,,,,,,,,,,,
hu22wwpcik9,01/11/2013,Marketplaces,Marketplace.Charge,4855,3519806,,,,,,,,,,,,,,,,
hu22wwpcik9,01/12/2013,Marketplaces,Marketplace.Charge,4380,3146877,,,,,,,,,,,,,,,,
hu22wwpcik9,01/01/2014,Marketplaces,Marketplace.Charge,4198,3146918,,,,,,,,,,,,,,,,
hu22wwpcik9,01/02/2014,Marketplaces,Marketplace.Charge,3575,2662739,,,,,,,,,,,,,,,,
hu22wwpcik9,01/03/2014,Marketplaces,Marketplace.Charge,4001,2956665,,,,,,,,,,,,,,,,
hu22wwpcik9,01/04/2014,Marketplaces,Marketplace.Charge,4503,3192016,,,,,,,,,,,,,,,,
hu22wwpcik9,01/05/2014,Marketplaces,Marketplace.Charge,4715,3460679,,,,,,,,,,,,,,,,
hu22wwpcik9,01/06/2014,Marketplaces,Marketplace.Charge,4908,3707870,,,,,,,,,,,,,,,,
hu22wwpcik9,01/07/2014,Marketplaces,Marketplace.Charge,5048,3711027,,,,,,,,,,,,,,,,
hu22wwpcik9,01/08/2014,Marketplaces,Marketplace.Charge,5447,4087941,,,,,,,,,,,,,,,,
hu22wwpcik9,01/09/2014,Marketplaces,Marketplace.Charge,5176,3898959,,,,,,,,,,,,,,,,
hu22wwpcik9,01/10/2014,Marketplaces,Marketplace.Charge,5462,3954455,,,,,,,,,,,,,,,,
hu22wwpcik9,01/11/2014,Marketplaces,Marketplace.Charge,5224,3991006,,,,,,,,,,,,,,,,
hu22wwpcik9,01/12/2014,Marketplaces,Marketplace.Charge,5299,3922796,,,,,,,,,,,,,,,,
jrb04vuc8fr,01/11/2014,Basic API,Charge,1206,1206000,,,,,,,,,,,,,,,,
jrb04vuc8fr,01/12/2014,Basic API,Charge,1406,1406000,,,,,,,,,,,,,,,,
jrb04vuc8fr,01/11/2013,Recurring,Subscription.Charge,604,604000,,,,,,,,,,,,,,,,
jrb04vuc8fr,01/12/2013,Recurring,Subscription.Charge,564,564000,,,,,,,,,,,,,,,,
jrb04vuc8fr,01/01/2014,Recurring,Subscription.Charge,502,502000,,,,,,,,,,,,,,,,
jrb04vuc8fr,01/02/2014,Recurring,Subscription.Charge,464,464000,,,,,,,,,,,,,,,,
jrb04vuc8fr,01/03/2014,Recurring,Subscription.Charge,606,606000,,,,,,,,,,,,,,,,
jrb04vuc8fr,01/04/2014,Recurring,Subscription.Charge,866,866000,,,,,,,,,,,,,,,,
jrb04vuc8fr,01/05/2014,Recurring,Subscription.Charge,1006,1006000,,,,,,,,,,,,,,,,
jrb04vuc8fr,01/06/2014,Recurring,Subscription.Charge,806,806000,,,,,,,,,,,,,,,,
jrb04vuc8fr,01/07/2014,Recurring,Subscription.Charge,1010,1010000,,,,,,,,,,,,,,,,
jrb04vuc8fr,01/08/2014,Recurring,Subscription.Charge,1106,1106000,,,,,,,,,,,,,,,,
jrb04vuc8fr,01/09/2014,Recurring,Subscription.Charge,1206,1206000,,,,,,,,,,,,,,,,
jrb04vuc8fr,01/10/2014,Recurring,Subscription.Charge,1010,1010000,,,,,,,,,,,,,,,,
jstcqq9qkt9,01/07/2014,Basic API,Charge,261,26100,,,,,,,,,,,,,,,,
jstcqq9qkt9,01/08/2014,Basic API,Charge,349,34900,,,,,,,,,,,,,,,,
jstcqq9qkt9,01/09/2014,Basic API,Charge,371,37100,,,,,,,,,,,,,,,,
jstcqq9qkt9,01/10/2014,Basic API,Charge,411,41100,,,,,,,,,,,,,,,,
jstcqq9qkt9,01/11/2014,Basic API,Charge,423,42300,,,,,,,,,,,,,,,,
jstcqq9qkt9,01/12/2014,Basic API,Charge,543,54300,,,,,,,,,,,,,,,,
jstcqq9qkt9,01/04/2014,Recurring,Subscription.Charge,236,23600,,,,,,,,,,,,,,,,
jstcqq9qkt9,01/05/2014,Recurring,Subscription.Charge,261,26100,,,,,,,,,,,,,,,,
jstcqq9qkt9,01/06/2014,Recurring,Subscription.Charge,270,27000,,,,,,,,,,,,,,,,
lv6bu51att9,01/10/2014,Recurring,Subscription.Charge,257,128500,,,,,,,,,,,,,,,,
lv6bu51att9,01/11/2014,Recurring,Subscription.Charge,281,140500,,,,,,,,,,,,,,,,
lv6bu51att9,01/12/2014,Recurring,Subscription.Charge,305,152500,,,,,,,,,,,,,,,,
m6jyvblc8fr,01/07/2014,Recurring,Subscription.Charge,236,236000,,,,,,,,,,,,,,,,
m6jyvblc8fr,01/08/2014,Recurring,Subscription.Charge,285,285000,,,,,,,,,,,,,,,,
m6jyvblc8fr,01/09/2014,Recurring,Subscription.Charge,342,342000,,,,,,,,,,,,,,,,
m6jyvblc8fr,01/10/2014,Recurring,Subscription.Charge,335,335000,,,,,,,,,,,,,,,,
m6jyvblc8fr,01/11/2014,Recurring,Subscription.Charge,438,438000,,,,,,,,,,,,,,,,
m6jyvblc8fr,01/12/2014,Recurring,Subscription.Charge,500,500000,,,,,,,,,,,,,,,,
nsoxg9fi529,01/01/2013,Cart,Cart.AddItem,6064,,,,,,,,,,,,,,,,,
nsoxg9fi529,01/02/2013,Cart,Cart.AddItem,7248,,,,,,,,,,,,,,,,,
nsoxg9fi529,01/03/2013,Cart,Cart.AddItem,6354,,,,,,,,,,,,,,,,,
nsoxg9fi529,01/04/2013,Cart,Cart.AddItem,6937,,,,,,,,,,,,,,,,,
nsoxg9fi529,01/05/2013,Cart,Cart.AddItem,7528,,,,,,,,,,,,,,,,,
nsoxg9fi529,01/06/2013,Cart,Cart.AddItem,7580,,,,,,,,,,,,,,,,,
nsoxg9fi529,01/07/2013,Cart,Cart.AddItem,8854,,,,,,,,,,,,,,,,,
nsoxg9fi529,01/08/2013,Cart,Cart.AddItem,8566,,,,,,,,,,,,,,,,,
nsoxg9fi529,01/09/2013,Cart,Cart.AddItem,10711,,,,,,,,,,,,,,,,,
nsoxg9fi529,01/10/2013,Cart,Cart.AddItem,11671,,,,,,,,,,,,,,,,,
nsoxg9fi529,01/11/2013,Cart,Cart.AddItem,10435,,,,,,,,,,,,,,,,,
nsoxg9fi529,01/12/2013,Cart,Cart.AddItem,10405,,,,,,,,,,,,,,,,,
nsoxg9fi529,01/01/2014,Cart,Cart.AddItem,12194,,,,,,,,,,,,,,,,,
nsoxg9fi529,01/02/2014,Cart,Cart.AddItem,12012,,,,,,,,,,,,,,,,,
nsoxg9fi529,01/03/2014,Cart,Cart.AddItem,15472,,,,,,,,,,,,,,,,,
nsoxg9fi529,01/04/2014,Cart,Cart.AddItem,13858,,,,,,,,,,,,,,,,,
nsoxg9fi529,01/05/2014,Cart,Cart.AddItem,13271,,,,,,,,,,,,,,,,,
nsoxg9fi529,01/06/2014,Cart,Cart.AddItem,18175,,,,,,,,,,,,,,,,,
nsoxg9fi529,01/07/2014,Cart,Cart.AddItem,16491,,,,,,,,,,,,,,,,,
nsoxg9fi529,01/08/2014,Cart,Cart.AddItem,19451,,,,,,,,,,,,,,,,,
nsoxg9fi529,01/09/2014,Cart,Cart.AddItem,17081,,,,,,,,,,,,,,,,,
nsoxg9fi529,01/10/2014,Cart,Cart.AddItem,19879,,,,,,,,,,,,,,,,,
nsoxg9fi529,01/11/2014,Cart,Cart.AddItem,23012,,,,,,,,,,,,,,,,,
nsoxg9fi529,01/12/2014,Cart,Cart.AddItem,21171,,,,,,,,,,,,,,,,,
nsoxg9fi529,01/01/2013,Cart,Cart.Checkout,3345,,,,,,,,,,,,,,,,,
nsoxg9fi529,01/02/2013,Cart,Cart.Checkout,4161,,,,,,,,,,,,,,,,,
nsoxg9fi529,01/03/2013,Cart,Cart.Checkout,3414,,,,,,,,,,,,,,,,,
nsoxg9fi529,01/04/2013,Cart,Cart.Checkout,3917,,,,,,,,,,,,,,,,,
nsoxg9fi529,01/05/2013,Cart,Cart.Checkout,4180,,,,,,,,,,,,,,,,,
nsoxg9fi529,01/06/2013,Cart,Cart.Checkout,4259,,,,,,,,,,,,,,,,,
nsoxg9fi529,01/07/2013,Cart,Cart.Checkout,4976,,,,,,,,,,,,,,,,,
nsoxg9fi529,01/08/2013,Cart,Cart.Checkout,4803,,,,,,,,,,,,,,,,,
nsoxg9fi529,01/09/2013,Cart,Cart.Checkout,6325,,,,,,,,,,,,,,,,,
nsoxg9fi529,01/10/2013,Cart,Cart.Checkout,6629,,,,,,,,,,,,,,,,,
nsoxg9fi529,01/11/2013,Cart,Cart.Checkout,6025,,,,,,,,,,,,,,,,,
nsoxg9fi529,01/12/2013,Cart,Cart.Checkout,6422,,,,,,,,,,,,,,,,,
nsoxg9fi529,01/01/2014,Cart,Cart.Checkout,7523,,,,,,,,,,,,,,,,,
nsoxg9fi529,01/02/2014,Cart,Cart.Checkout,7461,,,,,,,,,,,,,,,,,
nsoxg9fi529,01/03/2014,Cart,Cart.Checkout,9750,,,,,,,,,,,,,,,,,
nsoxg9fi529,01/04/2014,Cart,Cart.Checkout,8631,,,,,,,,,,,,,,,,,
nsoxg9fi529,01/05/2014,Cart,Cart.Checkout,8238,,,,,,,,,,,,,,,,,
nsoxg9fi529,01/06/2014,Cart,Cart.Checkout,11550,,,,,,,,,,,,,,,,,
nsoxg9fi529,01/07/2014,Cart,Cart.Checkout,10275,,,,,,,,,,,,,,,,,
nsoxg9fi529,01/08/2014,Cart,Cart.Checkout,12392,,,,,,,,,,,,,,,,,
nsoxg9fi529,01/09/2014,Cart,Cart.Checkout,10604,,,,,,,,,,,,,,,,,
nsoxg9fi529,01/10/2014,Cart,Cart.Checkout,12957,,,,,,,,,,,,,,,,,
nsoxg9fi529,01/11/2014,Cart,Cart.Checkout,14781,,,,,,,,,,,,,,,,,
nsoxg9fi529,01/12/2014,Cart,Cart.Checkout,13973,,,,,,,,,,,,,,,,,
nsoxg9fi529,01/01/2013,Cart,Cart.PaymentSubmit,659,1451880,,,,,,,,,,,,,,,,
nsoxg9fi529,01/02/2013,Cart,Cart.PaymentSubmit,806,1770686,,,,,,,,,,,,,,,,
nsoxg9fi529,01/03/2013,Cart,Cart.PaymentSubmit,621,1356811,,,,,,,,,,,,,,,,
nsoxg9fi529,01/04/2013,Cart,Cart.PaymentSubmit,692,1410812,,,,,,,,,,,,,,,,
nsoxg9fi529,01/05/2013,Cart,Cart.PaymentSubmit,750,1572108,,,,,,,,,,,,,,,,
nsoxg9fi529,01/06/2013,Cart,Cart.PaymentSubmit,669,1479050,,,,,,,,,,,,,,,,
nsoxg9fi529,01/07/2013,Cart,Cart.PaymentSubmit,788,1597144,,,,,,,,,,,,,,,,
nsoxg9fi529,01/08/2013,Cart,Cart.PaymentSubmit,730,1546945,,,,,,,,,,,,,,,,
nsoxg9fi529,01/09/2013,Cart,Cart.PaymentSubmit,1007,2072320,,,,,,,,,,,,,,,,
nsoxg9fi529,01/10/2013,Cart,Cart.PaymentSubmit,984,2070060,,,,,,,,,,,,,,,,
nsoxg9fi529,01/11/2013,Cart,Cart.PaymentSubmit,900,1890944,,,,,,,,,,,,,,,,
nsoxg9fi529,01/12/2013,Cart,Cart.PaymentSubmit,835,1820299,,,,,,,,,,,,,,,,
nsoxg9fi529,01/01/2014,Cart,Cart.PaymentSubmit,1051,2254262,,,,,,,,,,,,,,,,
nsoxg9fi529,01/02/2014,Cart,Cart.PaymentSubmit,967,1944945,,,,,,,,,,,,,,,,
nsoxg9fi529,01/03/2014,Cart,Cart.PaymentSubmit,1100,2262337,,,,,,,,,,,,,,,,
nsoxg9fi529,01/04/2014,Cart,Cart.PaymentSubmit,1035,2285708,,,,,,,,,,,,,,,,
nsoxg9fi529,01/05/2014,Cart,Cart.PaymentSubmit,898,1812710,,,,,,,,,,,,,,,,
nsoxg9fi529,01/06/2014,Cart,Cart.PaymentSubmit,1158,2518345,,,,,,,,,,,,,,,,
nsoxg9fi529,01/07/2014,Cart,Cart.PaymentSubmit,959,2027338,,,,,,,,,,,,,,,,
nsoxg9fi529,01/08/2014,Cart,Cart.PaymentSubmit,1209,2494760,,,,,,,,,,,,,,,,
nsoxg9fi529,01/09/2014,Cart,Cart.PaymentSubmit,908,1887463,,,,,,,,,,,,,,,,
nsoxg9fi529,01/10/2014,Cart,Cart.PaymentSubmit,999,2105872,,,,,,,,,,,,,,,,
nsoxg9fi529,01/11/2014,Cart,Cart.PaymentSubmit,1226,2489286,,,,,,,,,,,,,,,,
nsoxg9fi529,01/12/2014,Cart,Cart.PaymentSubmit,1162,2401381,,,,,,,,,,,,,,,,
nsoxg9fi529,01/01/2013,Cart,Cart.ViewItem,53724,,,,,,,,,,,,,,,,,
nsoxg9fi529,01/02/2013,Cart,Cart.ViewItem,64292,,,,,,,,,,,,,,,,,
nsoxg9fi529,01/03/2013,Cart,Cart.ViewItem,56200,,,,,,,,,,,,,,,,,
nsoxg9fi529,01/04/2013,Cart,Cart.ViewItem,64291,,,,,,,,,,,,,,,,,
nsoxg9fi529,01/05/2013,Cart,Cart.ViewItem,67314,,,,,,,,,,,,,,,,,
nsoxg9fi529,01/06/2013,Cart,Cart.ViewItem,68488,,,,,,,,,,,,,,,,,
nsoxg9fi529,01/07/2013,Cart,Cart.ViewItem,75749,,,,,,,,,,,,,,,,,
nsoxg9fi529,01/08/2013,Cart,Cart.ViewItem,75484,,,,,,,,,,,,,,,,,
nsoxg9fi529,01/09/2013,Cart,Cart.ViewItem,93729,,,,,,,,,,,,,,,,,
nsoxg9fi529,01/10/2013,Cart,Cart.ViewItem,95107,,,,,,,,,,,,,,,,,
nsoxg9fi529,01/11/2013,Cart,Cart.ViewItem,91178,,,,,,,,,,,,,,,,,
nsoxg9fi529,01/12/2013,Cart,Cart.ViewItem,85916,,,,,,,,,,,,,,,,,
nsoxg9fi529,01/01/2014,Cart,Cart.ViewItem,101835,,,,,,,,,,,,,,,,,
nsoxg9fi529,01/02/2014,Cart,Cart.ViewItem,102226,,,,,,,,,,,,,,,,,
nsoxg9fi529,01/03/2014,Cart,Cart.ViewItem,125223,,,,,,,,,,,,,,,,,
nsoxg9fi529,01/04/2014,Cart,Cart.ViewItem,109119,,,,,,,,,,,,,,,,,
nsoxg9fi529,01/05/2014,Cart,Cart.ViewItem,110118,,,,,,,,,,,,,,,,,
nsoxg9fi529,01/06/2014,Cart,Cart.ViewItem,138860,,,,,,,,,,,,,,,,,
nsoxg9fi529,01/07/2014,Cart,Cart.ViewItem,132741,,,,,,,,,,,,,,,,,
nsoxg9fi529,01/08/2014,Cart,Cart.ViewItem,152568,,,,,,,,,,,,,,,,,
nsoxg9fi529,01/09/2014,Cart,Cart.ViewItem,135054,,,,,,,,,,,,,,,,,
nsoxg9fi529,01/10/2014,Cart,Cart.ViewItem,154698,,,,,,,,,,,,,,,,,
nsoxg9fi529,01/11/2014,Cart,Cart.ViewItem,177912,,,,,,,,,,,,,,,,,
nsoxg9fi529,01/12/2014,Cart,Cart.ViewItem,156827,,,,,,,,,,,,,,,,,
obpa1e89f6r,01/01/2013,Marketplaces,Marketplace.Charge,3493,11452998,,,,,,,,,,,,,,,,
obpa1e89f6r,01/02/2013,Marketplaces,Marketplace.Charge,3314,10390323,,,,,,,,,,,,,,,,
obpa1e89f6r,01/03/2013,Marketplaces,Marketplace.Charge,3326,10451031,,,,,,,,,,,,,,,,
obpa1e89f6r,01/04/2013,Marketplaces,Marketplace.Charge,3536,10652857,,,,,,,,,,,,,,,,
obpa1e89f6r,01/05/2013,Marketplaces,Marketplace.Charge,3705,11270584,,,,,,,,,,,,,,,,
obpa1e89f6r,01/06/2013,Marketplaces,Marketplace.Charge,3835,11837841,,,,,,,,,,,,,,,,
obpa1e89f6r,01/07/2013,Marketplaces,Marketplace.Charge,4331,13213850,,,,,,,,,,,,,,,,
obpa1e89f6r,01/08/2013,Marketplaces,Marketplace.Charge,4642,14862714,,,,,,,,,,,,,,,,
obpa1e89f6r,01/09/2013,Marketplaces,Marketplace.Charge,5278,15848081,,,,,,,,,,,,,,,,
obpa1e89f6r,01/10/2013,Marketplaces,Marketplace.Charge,5557,18266749,,,,,,,,,,,,,,,,
obpa1e89f6r,01/11/2013,Marketplaces,Marketplace.Charge,5176,16327569,,,,,,,,,,,,,,,,
obpa1e89f6r,01/12/2013,Marketplaces,Marketplace.Charge,6117,19976172,,,,,,,,,,,,,,,,
obpa1e89f6r,01/01/2014,Marketplaces,Marketplace.Charge,6152,19453683,,,,,,,,,,,,,,,,
obpa1e89f6r,01/02/2014,Marketplaces,Marketplace.Charge,5905,19441648,,,,,,,,,,,,,,,,
obpa1e89f6r,01/03/2014,Marketplaces,Marketplace.Charge,6066,18655762,,,,,,,,,,,,,,,,
obpa1e89f6r,01/04/2014,Marketplaces,Marketplace.Charge,5800,18613926,,,,,,,,,,,,,,,,
obpa1e89f6r,01/05/2014,Marketplaces,Marketplace.Charge,5349,17488769,,,,,,,,,,,,,,,,
obpa1e89f6r,01/06/2014,Marketplaces,Marketplace.Charge,5559,17897295,,,,,,,,,,,,,,,,
obpa1e89f6r,01/07/2014,Marketplaces,Marketplace.Charge,5652,18114214,,,,,,,,,,,,,,,,
obpa1e89f6r,01/08/2014,Marketplaces,Marketplace.Charge,5475,17446379,,,,,,,,,,,,,,,,
obpa1e89f6r,01/09/2014,Marketplaces,Marketplace.Charge,5297,16342763,,,,,,,,,,,,,,,,
obpa1e89f6r,01/10/2014,Marketplaces,Marketplace.Charge,6043,19728469,,,,,,,,,,,,,,,,
obpa1e89f6r,01/11/2014,Marketplaces,Marketplace.Charge,5750,17550132,,,,,,,,,,,,,,,,
obpa1e89f6r,01/12/2014,Marketplaces,Marketplace.Charge,6039,18225369,,,,,,,,,,,,,,,,
q5o0270t3xr,01/01/2013,Marketplaces,Marketplace.Charge,2211,7927119,,,,,,,,,,,,,,,,
q5o0270t3xr,01/02/2013,Marketplaces,Marketplace.Charge,2582,9117786,,,,,,,,,,,,,,,,
q5o0270t3xr,01/03/2013,Marketplaces,Marketplace.Charge,2703,8977268,,,,,,,,,,,,,,,,
q5o0270t3xr,01/04/2013,Marketplaces,Marketplace.Charge,2737,9457465,,,,,,,,,,,,,,,,
q5o0270t3xr,01/05/2013,Marketplaces,Marketplace.Charge,2901,10044780,,,,,,,,,,,,,,,,
q5o0270t3xr,01/06/2013,Marketplaces,Marketplace.Charge,2916,10104681,,,,,,,,,,,,,,,,
q5o0270t3xr,01/07/2013,Marketplaces,Marketplace.Charge,3298,11917629,,,,,,,,,,,,,,,,
q5o0270t3xr,01/08/2013,Marketplaces,Marketplace.Charge,3424,12301024,,,,,,,,,,,,,,,,
q5o0270t3xr,01/09/2013,Marketplaces,Marketplace.Charge,3118,10944085,,,,,,,,,,,,,,,,
q5o0270t3xr,01/10/2013,Marketplaces,Marketplace.Charge,3752,13503933,,,,,,,,,,,,,,,,
q5o0270t3xr,01/11/2013,Marketplaces,Marketplace.Charge,4028,13425482,,,,,,,,,,,,,,,,
q5o0270t3xr,01/12/2013,Marketplaces,Marketplace.Charge,4294,15039664,,,,,,,,,,,,,,,,
q5o0270t3xr,01/01/2014,Marketplaces,Marketplace.Charge,3842,13737567,,,,,,,,,,,,,,,,
q5o0270t3xr,01/02/2014,Marketplaces,Marketplace.Charge,4274,15118677,,,,,,,,,,,,,,,,
q5o0270t3xr,01/03/2014,Marketplaces,Marketplace.Charge,3612,12908808,,,,,,,,,,,,,,,,
q5o0270t3xr,01/04/2014,Marketplaces,Marketplace.Charge,3594,11885424,,,,,,,,,,,,,,,,
q5o0270t3xr,01/05/2014,Marketplaces,Marketplace.Charge,3730,13135868,,,,,,,,,,,,,,,,
q5o0270t3xr,01/06/2014,Marketplaces,Marketplace.Charge,4159,14623439,,,,,,,,,,,,,,,,
q5o0270t3xr,01/07/2014,Marketplaces,Marketplace.Charge,3706,13403870,,,,,,,,,,,,,,,,
q5o0270t3xr,01/08/2014,Marketplaces,Marketplace.Charge,3889,13372439,,,,,,,,,,,,,,,,
q5o0270t3xr,01/09/2014,Marketplaces,Marketplace.Charge,4118,14445954,,,,,,,,,,,,,,,,
q5o0270t3xr,01/10/2014,Marketplaces,Marketplace.Charge,4279,15210136,,,,,,,,,,,,,,,,
q5o0270t3xr,01/11/2014,Marketplaces,Marketplace.Charge,3925,13820990,,,,,,,,,,,,,,,,
q5o0270t3xr,01/12/2014,Marketplaces,Marketplace.Charge,4034,13610357,,,,,,,,,,,,,,,,
r1aca4z33di,01/01/2013,Marketplaces,Marketplace.Charge,5028,15585079,,,,,,,,,,,,,,,,
r1aca4z33di,01/02/2013,Marketplaces,Marketplace.Charge,5426,16589265,,,,,,,,,,,,,,,,
r1aca4z33di,01/03/2013,Marketplaces,Marketplace.Charge,5829,18568550,,,,,,,,,,,,,,,,
r1aca4z33di,01/04/2013,Marketplaces,Marketplace.Charge,5106,15775013,,,,,,,,,,,,,,,,
r1aca4z33di,01/05/2013,Marketplaces,Marketplace.Charge,5522,16960791,,,,,,,,,,,,,,,,
r1aca4z33di,01/06/2013,Marketplaces,Marketplace.Charge,5330,16392898,,,,,,,,,,,,,,,,
r1aca4z33di,01/07/2013,Marketplaces,Marketplace.Charge,5073,15233521,,,,,,,,,,,,,,,,
r1aca4z33di,01/08/2013,Marketplaces,Marketplace.Charge,5345,16437943,,,,,,,,,,,,,,,,
r1aca4z33di,01/09/2013,Marketplaces,Marketplace.Charge,5550,17479148,,,,,,,,,,,,,,,,
r1aca4z33di,01/10/2013,Marketplaces,Marketplace.Charge,5556,18087590,,,,,,,,,,,,,,,,
r1aca4z33di,01/11/2013,Marketplaces,Marketplace.Charge,5013,16278554,,,,,,,,,,,,,,,,
r1aca4z33di,01/12/2013,Marketplaces,Marketplace.Charge,5219,16968484,,,,,,,,,,,,,,,,
r1aca4z33di,01/01/2014,Marketplaces,Marketplace.Charge,5704,18381794,,,,,,,,,,,,,,,,
r1aca4z33di,01/02/2014,Marketplaces,Marketplace.Charge,5293,17419306,,,,,,,,,,,,,,,,
r1aca4z33di,01/03/2014,Marketplaces,Marketplace.Charge,5489,17778546,,,,,,,,,,,,,,,,
r1aca4z33di,01/04/2014,Marketplaces,Marketplace.Charge,5635,17543940,,,,,,,,,,,,,,,,
r1aca4z33di,01/05/2014,Marketplaces,Marketplace.Charge,5297,16822217,,,,,,,,,,,,,,,,
r1aca4z33di,01/06/2014,Marketplaces,Marketplace.Charge,5082,16488042,,,,,,,,,,,,,,,,
r1aca4z33di,01/07/2014,Marketplaces,Marketplace.Charge,5899,18538333,,,,,,,,,,,,,,,,
r1aca4z33di,01/08/2014,Marketplaces,Marketplace.Charge,5358,17478282,,,,,,,,,,,,,,,,
r1aca4z33di,01/09/2014,Marketplaces,Marketplace.Charge,5932,19293465,,,,,,,,,,,,,,,,
r1aca4z33di,01/10/2014,Marketplaces,Marketplace.Charge,5660,17216155,,,,,,,,,,,,,,,,
r1aca4z33di,01/11/2014,Marketplaces,Marketplace.Charge,5437,16474827,,,,,,,,,,,,,,,,
r1aca4z33di,01/12/2014,Marketplaces,Marketplace.Charge,5255,15824319,,,,,,,,,,,,,,,,
rczsldz33di,01/08/2013,Cart,Cart.AddItem,528,,,,,,,,,,,,,,,,,
rczsldz33di,01/09/2013,Cart,Cart.AddItem,633,,,,,,,,,,,,,,,,,
rczsldz33di,01/10/2013,Cart,Cart.AddItem,716,,,,,,,,,,,,,,,,,
rczsldz33di,01/11/2013,Cart,Cart.AddItem,767,,,,,,,,,,,,,,,,,
rczsldz33di,01/12/2013,Cart,Cart.AddItem,816,,,,,,,,,,,,,,,,,
rczsldz33di,01/01/2014,Cart,Cart.AddItem,863,,,,,,,,,,,,,,,,,
rczsldz33di,01/02/2014,Cart,Cart.AddItem,856,,,,,,,,,,,,,,,,,
rczsldz33di,01/03/2014,Cart,Cart.AddItem,1004,,,,,,,,,,,,,,,,,
rczsldz33di,01/04/2014,Cart,Cart.AddItem,1010,,,,,,,,,,,,,,,,,
rczsldz33di,01/05/2014,Cart,Cart.AddItem,1265,,,,,,,,,,,,,,,,,
rczsldz33di,01/06/2014,Cart,Cart.AddItem,1115,,,,,,,,,,,,,,,,,
rczsldz33di,01/07/2014,Cart,Cart.AddItem,1320,,,,,,,,,,,,,,,,,
rczsldz33di,01/08/2014,Cart,Cart.AddItem,1389,,,,,,,,,,,,,,,,,
rczsldz33di,01/09/2014,Cart,Cart.AddItem,1316,,,,,,,,,,,,,,,,,
rczsldz33di,01/10/2014,Cart,Cart.AddItem,1324,,,,,,,,,,,,,,,,,
rczsldz33di,01/11/2014,Cart,Cart.AddItem,1709,,,,,,,,,,,,,,,,,
rczsldz33di,01/12/2014,Cart,Cart.AddItem,1602,,,,,,,,,,,,,,,,,
rczsldz33di,01/08/2013,Cart,Cart.Checkout,362,,,,,,,,,,,,,,,,,
rczsldz33di,01/09/2013,Cart,Cart.Checkout,424,,,,,,,,,,,,,,,,,
rczsldz33di,01/10/2013,Cart,Cart.Checkout,511,,,,,,,,,,,,,,,,,
rczsldz33di,01/11/2013,Cart,Cart.Checkout,549,,,,,,,,,,,,,,,,,
rczsldz33di,01/12/2013,Cart,Cart.Checkout,574,,,,,,,,,,,,,,,,,
rczsldz33di,01/01/2014,Cart,Cart.Checkout,600,,,,,,,,,,,,,,,,,
rczsldz33di,01/02/2014,Cart,Cart.Checkout,595,,,,,,,,,,,,,,,,,
rczsldz33di,01/03/2014,Cart,Cart.Checkout,721,,,,,,,,,,,,,,,,,
rczsldz33di,01/04/2014,Cart,Cart.Checkout,709,,,,,,,,,,,,,,,,,
rczsldz33di,01/05/2014,Cart,Cart.Checkout,934,,,,,,,,,,,,,,,,,
rczsldz33di,01/06/2014,Cart,Cart.Checkout,851,,,,,,,,,,,,,,,,,
rczsldz33di,01/07/2014,Cart,Cart.Checkout,985,,,,,,,,,,,,,,,,,
rczsldz33di,01/08/2014,Cart,Cart.Checkout,1075,,,,,,,,,,,,,,,,,
rczsldz33di,01/09/2014,Cart,Cart.Checkout,999,,,,,,,,,,,,,,,,,
rczsldz33di,01/10/2014,Cart,Cart.Checkout,991,,,,,,,,,,,,,,,,,
rczsldz33di,01/11/2014,Cart,Cart.Checkout,1294,,,,,,,,,,,,,,,,,
rczsldz33di,01/12/2014,Cart,Cart.Checkout,1195,,,,,,,,,,,,,,,,,
rczsldz33di,01/08/2013,Cart,Cart.PaymentSubmit,77,248297,,,,,,,,,,,,,,,,
rczsldz33di,01/09/2013,Cart,Cart.PaymentSubmit,78,251540,,,,,,,,,,,,,,,,
rczsldz33di,01/10/2013,Cart,Cart.PaymentSubmit,90,270201,,,,,,,,,,,,,,,,
rczsldz33di,01/11/2013,Cart,Cart.PaymentSubmit,103,319302,,,,,,,,,,,,,,,,
rczsldz33di,01/12/2013,Cart,Cart.PaymentSubmit,89,279641,,,,,,,,,,,,,,,,
rczsldz33di,01/01/2014,Cart,Cart.PaymentSubmit,98,321918,,,,,,,,,,,,,,,,
rczsldz33di,01/02/2014,Cart,Cart.PaymentSubmit,92,296731,,,,,,,,,,,,,,,,
rczsldz33di,01/03/2014,Cart,Cart.PaymentSubmit,99,324961,,,,,,,,,,,,,,,,
rczsldz33di,01/04/2014,Cart,Cart.PaymentSubmit,83,262742,,,,,,,,,,,,,,,,
rczsldz33di,01/05/2014,Cart,Cart.PaymentSubmit,117,354038,,,,,,,,,,,,,,,,
rczsldz33di,01/06/2014,Cart,Cart.PaymentSubmit,88,277870,,,,,,,,,,,,,,,,
rczsldz33di,01/07/2014,Cart,Cart.PaymentSubmit,87,281779,,,,,,,,,,,,,,,,
rczsldz33di,01/08/2014,Cart,Cart.PaymentSubmit,79,251893,,,,,,,,,,,,,,,,
rczsldz33di,01/09/2014,Cart,Cart.PaymentSubmit,83,272198,,,,,,,,,,,,,,,,
rczsldz33di,01/10/2014,Cart,Cart.PaymentSubmit,79,243772,,,,,,,,,,,,,,,,
rczsldz33di,01/11/2014,Cart,Cart.PaymentSubmit,81,248139,,,,,,,,,,,,,,,,
rczsldz33di,01/12/2014,Cart,Cart.PaymentSubmit,46,148886,,,,,,,,,,,,,,,,
rczsldz33di,01/08/2013,Cart,Cart.ViewItem,4393,,,,,,,,,,,,,,,,,
rczsldz33di,01/09/2013,Cart,Cart.ViewItem,5550,,,,,,,,,,,,,,,,,
rczsldz33di,01/10/2013,Cart,Cart.ViewItem,6225,,,,,,,,,,,,,,,,,
rczsldz33di,01/11/2013,Cart,Cart.ViewItem,6717,,,,,,,,,,,,,,,,,
rczsldz33di,01/12/2013,Cart,Cart.ViewItem,6585,,,,,,,,,,,,,,,,,
rczsldz33di,01/01/2014,Cart,Cart.ViewItem,7042,,,,,,,,,,,,,,,,,
rczsldz33di,01/02/2014,Cart,Cart.ViewItem,6856,,,,,,,,,,,,,,,,,
rczsldz33di,01/03/2014,Cart,Cart.ViewItem,7903,,,,,,,,,,,,,,,,,
rczsldz33di,01/04/2014,Cart,Cart.ViewItem,8012,,,,,,,,,,,,,,,,,
rczsldz33di,01/05/2014,Cart,Cart.ViewItem,9853,,,,,,,,,,,,,,,,,
rczsldz33di,01/06/2014,Cart,Cart.ViewItem,8734,,,,,,,,,,,,,,,,,
rczsldz33di,01/07/2014,Cart,Cart.ViewItem,10423,,,,,,,,,,,,,,,,,
rczsldz33di,01/08/2014,Cart,Cart.ViewItem,10942,,,,,,,,,,,,,,,,,
rczsldz33di,01/09/2014,Cart,Cart.ViewItem,9967,,,,,,,,,,,,,,,,,
rczsldz33di,01/10/2014,Cart,Cart.ViewItem,9993,,,,,,,,,,,,,,,,,
rczsldz33di,01/11/2014,Cart,Cart.ViewItem,12651,,,,,,,,,,,,,,,,,
rczsldz33di,01/12/2014,Cart,Cart.ViewItem,11850,,,,,,,,,,,,,,,,,
tgiaz41jor,01/12/2013,Cart,Cart.AddItem,9717,,,,,,,,,,,,,,,,,
tgiaz41jor,01/01/2014,Cart,Cart.AddItem,10023,,,,,,,,,,,,,,,,,
tgiaz41jor,01/02/2014,Cart,Cart.AddItem,10457,,,,,,,,,,,,,,,,,
tgiaz41jor,01/03/2014,Cart,Cart.AddItem,12248,,,,,,,,,,,,,,,,,
tgiaz41jor,01/04/2014,Cart,Cart.AddItem,15822,,,,,,,,,,,,,,,,,
tgiaz41jor,01/05/2014,Cart,Cart.AddItem,17667,,,,,,,,,,,,,,,,,
tgiaz41jor,01/06/2014,Cart,Cart.AddItem,16316,,,,,,,,,,,,,,,,,
tgiaz41jor,01/07/2014,Cart,Cart.AddItem,21824,,,,,,,,,,,,,,,,,
tgiaz41jor,01/08/2014,Cart,Cart.AddItem,24465,,,,,,,,,,,,,,,,,
tgiaz41jor,01/09/2014,Cart,Cart.AddItem,26211,,,,,,,,,,,,,,,,,
tgiaz41jor,01/10/2014,Cart,Cart.AddItem,26240,,,,,,,,,,,,,,,,,
tgiaz41jor,01/11/2014,Cart,Cart.AddItem,26400,,,,,,,,,,,,,,,,,
tgiaz41jor,01/12/2014,Cart,Cart.AddItem,37544,,,,,,,,,,,,,,,,,
tgiaz41jor,01/12/2013,Cart,Cart.Checkout,7360,,,,,,,,,,,,,,,,,
tgiaz41jor,01/01/2014,Cart,Cart.Checkout,7413,,,,,,,,,,,,,,,,,
tgiaz41jor,01/02/2014,Cart,Cart.Checkout,8003,,,,,,,,,,,,,,,,,
tgiaz41jor,01/03/2014,Cart,Cart.Checkout,9773,,,,,,,,,,,,,,,,,
tgiaz41jor,01/04/2014,Cart,Cart.Checkout,12658,,,,,,,,,,,,,,,,,
tgiaz41jor,01/05/2014,Cart,Cart.Checkout,14040,,,,,,,,,,,,,,,,,
tgiaz41jor,01/06/2014,Cart,Cart.Checkout,12799,,,,,,,,,,,,,,,,,
tgiaz41jor,01/07/2014,Cart,Cart.Checkout,17575,,,,,,,,,,,,,,,,,
tgiaz41jor,01/08/2014,Cart,Cart.Checkout,19251,,,,,,,,,,,,,,,,,
tgiaz41jor,01/09/2014,Cart,Cart.Checkout,20455,,,,,,,,,,,,,,,,,
tgiaz41jor,01/10/2014,Cart,Cart.Checkout,20836,,,,,,,,,,,,,,,,,
tgiaz41jor,01/11/2014,Cart,Cart.Checkout,22186,,,,,,,,,,,,,,,,,
tgiaz41jor,01/12/2014,Cart,Cart.Checkout,30957,,,,,,,,,,,,,,,,,
tgiaz41jor,01/12/2013,Cart,Cart.PaymentSubmit,1549,3228643,,,,,,,,,,,,,,,,
tgiaz41jor,01/01/2014,Cart,Cart.PaymentSubmit,1523,3049007,,,,,,,,,,,,,,,,
tgiaz41jor,01/02/2014,Cart,Cart.PaymentSubmit,1631,3354270,,,,,,,,,,,,,,,,
tgiaz41jor,01/03/2014,Cart,Cart.PaymentSubmit,1696,3480153,,,,,,,,,,,,,,,,
tgiaz41jor,01/04/2014,Cart,Cart.PaymentSubmit,2412,4859181,,,,,,,,,,,,,,,,
tgiaz41jor,01/05/2014,Cart,Cart.PaymentSubmit,2455,5195301,,,,,,,,,,,,,,,,
tgiaz41jor,01/06/2014,Cart,Cart.PaymentSubmit,2130,4392882,,,,,,,,,,,,,,,,
tgiaz41jor,01/07/2014,Cart,Cart.PaymentSubmit,2343,4898984,,,,,,,,,,,,,,,,
tgiaz41jor,01/08/2014,Cart,Cart.PaymentSubmit,2454,5349849,,,,,,,,,,,,,,,,
tgiaz41jor,01/09/2014,Cart,Cart.PaymentSubmit,2252,4516449,,,,,,,,,,,,,,,,
tgiaz41jor,01/10/2014,Cart,Cart.PaymentSubmit,2594,5549760,,,,,,,,,,,,,,,,
tgiaz41jor,01/11/2014,Cart,Cart.PaymentSubmit,2563,5204208,,,,,,,,,,,,,,,,
tgiaz41jor,01/12/2014,Cart,Cart.PaymentSubmit,3179,6779788,,,,,,,,,,,,,,,,
tgiaz41jor,01/12/2013,Cart,Cart.ViewItem,56573,,,,,,,,,,,,,,,,,
tgiaz41jor,01/01/2014,Cart,Cart.ViewItem,58725,,,,,,,,,,,,,,,,,
tgiaz41jor,01/02/2014,Cart,Cart.ViewItem,62190,,,,,,,,,,,,,,,,,
tgiaz41jor,01/03/2014,Cart,Cart.ViewItem,68696,,,,,,,,,,,,,,,,,
tgiaz41jor,01/04/2014,Cart,Cart.ViewItem,90762,,,,,,,,,,,,,,,,,
tgiaz41jor,01/05/2014,Cart,Cart.ViewItem,100106,,,,,,,,,,,,,,,,,
tgiaz41jor,01/06/2014,Cart,Cart.ViewItem,92780,,,,,,,,,,,,,,,,,
tgiaz41jor,01/07/2014,Cart,Cart.ViewItem,119632,,,,,,,,,,,,,,,,,
tgiaz41jor,01/08/2014,Cart,Cart.ViewItem,130735,,,,,,,,,,,,,,,,,
tgiaz41jor,01/09/2014,Cart,Cart.ViewItem,146613,,,,,,,,,,,,,,,,,
tgiaz41jor,01/10/2014,Cart,Cart.ViewItem,145563,,,,,,,,,,,,,,,,,
tgiaz41jor,01/11/2014,Cart,Cart.ViewItem,149845,,,,,,,,,,,,,,,,,
tgiaz41jor,01/12/2014,Cart,Cart.ViewItem,199728,,,,,,,,,,,,,,,,,
u9nzlgqr529,01/08/2013,Marketplaces,Marketplace.Charge,19,394872,,,,,,,,,,,,,,,,
u9nzlgqr529,01/09/2013,Marketplaces,Marketplace.Charge,18,371118,,,,,,,,,,,,,,,,
u9nzlgqr529,01/10/2013,Marketplaces,Marketplace.Charge,25,525474,,,,,,,,,,,,,,,,
u9nzlgqr529,01/11/2013,Marketplaces,Marketplace.Charge,28,562970,,,,,,,,,,,,,,,,
u9nzlgqr529,01/12/2013,Marketplaces,Marketplace.Charge,40,807077,,,,,,,,,,,,,,,,
u9nzlgqr529,01/01/2014,Marketplaces,Marketplace.Charge,39,805035,,,,,,,,,,,,,,,,
u9nzlgqr529,01/02/2014,Marketplaces,Marketplace.Charge,39,794720,,,,,,,,,,,,,,,,
u9nzlgqr529,01/03/2014,Marketplaces,Marketplace.Charge,44,882575,,,,,,,,,,,,,,,,
u9nzlgqr529,01/04/2014,Marketplaces,Marketplace.Charge,40,841703,,,,,,,,,,,,,,,,
u9nzlgqr529,01/05/2014,Marketplaces,Marketplace.Charge,46,983649,,,,,,,,,,,,,,,,
u9nzlgqr529,01/06/2014,Marketplaces,Marketplace.Charge,44,920931,,,,,,,,,,,,,,,,
u9nzlgqr529,01/07/2014,Marketplaces,Marketplace.Charge,57,1242007,,,,,,,,,,,,,,,,
u9nzlgqr529,01/08/2014,Marketplaces,Marketplace.Charge,47,964613,,,,,,,,,,,,,,,,
u9nzlgqr529,01/09/2014,Marketplaces,Marketplace.Charge,59,1187988,,,,,,,,,,,,,,,,
u9nzlgqr529,01/10/2014,Marketplaces,Marketplace.Charge,56,1212895,,,,,,,,,,,,,,,,
u9nzlgqr529,01/11/2014,Marketplaces,Marketplace.Charge,53,1111421,,,,,,,,,,,,,,,,
u9nzlgqr529,01/12/2014,Marketplaces,Marketplace.Charge,56,1125897,,,,,,,,,,,,,,,,
w1x4pumobt9,01/01/2013,Cart,Cart.AddItem,10803,,,,,,,,,,,,,,,,,
w1x4pumobt9,01/02/2013,Cart,Cart.AddItem,11888,,,,,,,,,,,,,,,,,
w1x4pumobt9,01/03/2013,Cart,Cart.AddItem,11373,,,,,,,,,,,,,,,,,
w1x4pumobt9,01/04/2013,Cart,Cart.AddItem,12347,,,,,,,,,,,,,,,,,
w1x4pumobt9,01/05/2013,Cart,Cart.AddItem,13284,,,,,,,,,,,,,,,,,
w1x4pumobt9,01/06/2013,Cart,Cart.AddItem,11372,,,,,,,,,,,,,,,,,
w1x4pumobt9,01/07/2013,Cart,Cart.AddItem,13121,,,,,,,,,,,,,,,,,
w1x4pumobt9,01/08/2013,Cart,Cart.AddItem,12897,,,,,,,,,,,,,,,,,
w1x4pumobt9,01/09/2013,Cart,Cart.AddItem,11608,,,,,,,,,,,,,,,,,
w1x4pumobt9,01/10/2013,Cart,Cart.AddItem,13448,,,,,,,,,,,,,,,,,
w1x4pumobt9,01/11/2013,Cart,Cart.AddItem,13280,,,,,,,,,,,,,,,,,
w1x4pumobt9,01/12/2013,Cart,Cart.AddItem,15536,,,,,,,,,,,,,,,,,
w1x4pumobt9,01/01/2014,Cart,Cart.AddItem,12505,,,,,,,,,,,,,,,,,
w1x4pumobt9,01/02/2014,Cart,Cart.AddItem,14482,,,,,,,,,,,,,,,,,
w1x4pumobt9,01/03/2014,Cart,Cart.AddItem,15942,,,,,,,,,,,,,,,,,
w1x4pumobt9,01/04/2014,Cart,Cart.AddItem,17096,,,,,,,,,,,,,,,,,
w1x4pumobt9,01/05/2014,Cart,Cart.AddItem,13650,,,,,,,,,,,,,,,,,
w1x4pumobt9,01/06/2014,Cart,Cart.AddItem,16075,,,,,,,,,,,,,,,,,
w1x4pumobt9,01/07/2014,Cart,Cart.AddItem,15138,,,,,,,,,,,,,,,,,
w1x4pumobt9,01/08/2014,Cart,Cart.AddItem,16537,,,,,,,,,,,,,,,,,
w1x4pumobt9,01/09/2014,Cart,Cart.AddItem,16687,,,,,,,,,,,,,,,,,
w1x4pumobt9,01/10/2014,Cart,Cart.AddItem,15240,,,,,,,,,,,,,,,,,
w1x4pumobt9,01/11/2014,Cart,Cart.AddItem,16153,,,,,,,,,,,,,,,,,
w1x4pumobt9,01/12/2014,Cart,Cart.AddItem,20304,,,,,,,,,,,,,,,,,
w1x4pumobt9,01/01/2013,Cart,Cart.Checkout,7275,,,,,,,,,,,,,,,,,
w1x4pumobt9,01/02/2013,Cart,Cart.Checkout,8283,,,,,,,,,,,,,,,,,
w1x4pumobt9,01/03/2013,Cart,Cart.Checkout,7966,,,,,,,,,,,,,,,,,
w1x4pumobt9,01/04/2013,Cart,Cart.Checkout,9241,,,,,,,,,,,,,,,,,
w1x4pumobt9,01/05/2013,Cart,Cart.Checkout,9583,,,,,,,,,,,,,,,,,
w1x4pumobt9,01/06/2013,Cart,Cart.Checkout,8182,,,,,,,,,,,,,,,,,
w1x4pumobt9,01/07/2013,Cart,Cart.Checkout,9615,,,,,,,,,,,,,,,,,
w1x4pumobt9,01/08/2013,Cart,Cart.Checkout,9425,,,,,,,,,,,,,,,,,
w1x4pumobt9,01/09/2013,Cart,Cart.Checkout,8422,,,,,,,,,,,,,,,,,
w1x4pumobt9,01/10/2013,Cart,Cart.Checkout,9709,,,,,,,,,,,,,,,,,
w1x4pumobt9,01/11/2013,Cart,Cart.Checkout,10305,,,,,,,,,,,,,,,,,
w1x4pumobt9,01/12/2013,Cart,Cart.Checkout,11499,,,,,,,,,,,,,,,,,
w1x4pumobt9,01/01/2014,Cart,Cart.Checkout,9440,,,,,,,,,,,,,,,,,
w1x4pumobt9,01/02/2014,Cart,Cart.Checkout,11461,,,,,,,,,,,,,,,,,
w1x4pumobt9,01/03/2014,Cart,Cart.Checkout,12498,,,,,,,,,,,,,,,,,
w1x4pumobt9,01/04/2014,Cart,Cart.Checkout,13320,,,,,,,,,,,,,,,,,
w1x4pumobt9,01/05/2014,Cart,Cart.Checkout,10998,,,,,,,,,,,,,,,,,
w1x4pumobt9,01/06/2014,Cart,Cart.Checkout,12521,,,,,,,,,,,,,,,,,
w1x4pumobt9,01/07/2014,Cart,Cart.Checkout,11879,,,,,,,,,,,,,,,,,
w1x4pumobt9,01/08/2014,Cart,Cart.Checkout,13051,,,,,,,,,,,,,,,,,
w1x4pumobt9,01/09/2014,Cart,Cart.Checkout,13743,,,,,,,,,,,,,,,,,
w1x4pumobt9,01/10/2014,Cart,Cart.Checkout,12611,,,,,,,,,,,,,,,,,
w1x4pumobt9,01/11/2014,Cart,Cart.Checkout,13258,,,,,,,,,,,,,,,,,
w1x4pumobt9,01/12/2014,Cart,Cart.Checkout,15945,,,,,,,,,,,,,,,,,
w1x4pumobt9,01/01/2013,Cart,Cart.PaymentSubmit,2627,5280043,,,,,,,,,,,,,,,,
w1x4pumobt9,01/02/2013,Cart,Cart.PaymentSubmit,2951,6262953,,,,,,,,,,,,,,,,
w1x4pumobt9,01/03/2013,Cart,Cart.PaymentSubmit,2765,6071456,,,,,,,,,,,,,,,,
w1x4pumobt9,01/04/2013,Cart,Cart.PaymentSubmit,3052,6569805,,,,,,,,,,,,,,,,
w1x4pumobt9,01/05/2013,Cart,Cart.PaymentSubmit,3283,6772114,,,,,,,,,,,,,,,,
w1x4pumobt9,01/06/2013,Cart,Cart.PaymentSubmit,2755,6006471,,,,,,,,,,,,,,,,
w1x4pumobt9,01/07/2013,Cart,Cart.PaymentSubmit,3178,6943773,,,,,,,,,,,,,,,,
w1x4pumobt9,01/08/2013,Cart,Cart.PaymentSubmit,3099,6510087,,,,,,,,,,,,,,,,
w1x4pumobt9,01/09/2013,Cart,Cart.PaymentSubmit,2547,5428263,,,,,,,,,,,,,,,,
w1x4pumobt9,01/10/2013,Cart,Cart.PaymentSubmit,2892,6055552,,,,,,,,,,,,,,,,
w1x4pumobt9,01/11/2013,Cart,Cart.PaymentSubmit,2969,6133938,,,,,,,,,,,,,,,,
w1x4pumobt9,01/12/2013,Cart,Cart.PaymentSubmit,3286,6868441,,,,,,,,,,,,,,,,
w1x4pumobt9,01/01/2014,Cart,Cart.PaymentSubmit,2567,5292601,,,,,,,,,,,,,,,,
w1x4pumobt9,01/02/2014,Cart,Cart.PaymentSubmit,3336,6747310,,,,,,,,,,,,,,,,
w1x4pumobt9,01/03/2014,Cart,Cart.PaymentSubmit,3403,6877979,,,,,,,,,,,,,,,,
w1x4pumobt9,01/04/2014,Cart,Cart.PaymentSubmit,3797,7763378,,,,,,,,,,,,,,,,
w1x4pumobt9,01/05/2014,Cart,Cart.PaymentSubmit,2880,5987703,,,,,,,,,,,,,,,,
w1x4pumobt9,01/06/2014,Cart,Cart.PaymentSubmit,3406,6936700,,,,,,,,,,,,,,,,
w1x4pumobt9,01/07/2014,Cart,Cart.PaymentSubmit,2948,6291523,,,,,,,,,,,,,,,,
w1x4pumobt9,01/08/2014,Cart,Cart.PaymentSubmit,3479,7144794,,,,,,,,,,,,,,,,
w1x4pumobt9,01/09/2014,Cart,Cart.PaymentSubmit,3218,6517953,,,,,,,,,,,,,,,,
w1x4pumobt9,01/10/2014,Cart,Cart.PaymentSubmit,2985,6496480,,,,,,,,,,,,,,,,
w1x4pumobt9,01/11/2014,Cart,Cart.PaymentSubmit,3065,6735087,,,,,,,,,,,,,,,,
w1x4pumobt9,01/12/2014,Cart,Cart.PaymentSubmit,3470,7285935,,,,,,,,,,,,,,,,
w1x4pumobt9,01/01/2013,Cart,Cart.ViewItem,65826,,,,,,,,,,,,,,,,,
w1x4pumobt9,01/02/2013,Cart,Cart.ViewItem,75564,,,,,,,,,,,,,,,,,
w1x4pumobt9,01/03/2013,Cart,Cart.ViewItem,69734,,,,,,,,,,,,,,,,,
w1x4pumobt9,01/04/2013,Cart,Cart.ViewItem,74803,,,,,,,,,,,,,,,,,
w1x4pumobt9,01/05/2013,Cart,Cart.ViewItem,78982,,,,,,,,,,,,,,,,,
w1x4pumobt9,01/06/2013,Cart,Cart.ViewItem,66681,,,,,,,,,,,,,,,,,
w1x4pumobt9,01/07/2013,Cart,Cart.ViewItem,78763,,,,,,,,,,,,,,,,,
w1x4pumobt9,01/08/2013,Cart,Cart.ViewItem,77249,,,,,,,,,,,,,,,,,
w1x4pumobt9,01/09/2013,Cart,Cart.ViewItem,70850,,,,,,,,,,,,,,,,,
w1x4pumobt9,01/10/2013,Cart,Cart.ViewItem,81957,,,,,,,,,,,,,,,,,
w1x4pumobt9,01/11/2013,Cart,Cart.ViewItem,76781,,,,,,,,,,,,,,,,,
w1x4pumobt9,01/12/2013,Cart,Cart.ViewItem,88044,,,,,,,,,,,,,,,,,
w1x4pumobt9,01/01/2014,Cart,Cart.ViewItem,74757,,,,,,,,,,,,,,,,,
w1x4pumobt9,01/02/2014,Cart,Cart.ViewItem,80380,,,,,,,,,,,,,,,,,
w1x4pumobt9,01/03/2014,Cart,Cart.ViewItem,89904,,,,,,,,,,,,,,,,,
w1x4pumobt9,01/04/2014,Cart,Cart.ViewItem,94423,,,,,,,,,,,,,,,,,
w1x4pumobt9,01/05/2014,Cart,Cart.ViewItem,76013,,,,,,,,,,,,,,,,,
w1x4pumobt9,01/06/2014,Cart,Cart.ViewItem,91283,,,,,,,,,,,,,,,,,
w1x4pumobt9,01/07/2014,Cart,Cart.ViewItem,87989,,,,,,,,,,,,,,,,,
w1x4pumobt9,01/08/2014,Cart,Cart.ViewItem,91415,,,,,,,,,,,,,,,,,
w1x4pumobt9,01/09/2014,Cart,Cart.ViewItem,88381,,,,,,,,,,,,,,,,,
w1x4pumobt9,01/10/2014,Cart,Cart.ViewItem,84121,,,,,,,,,,,,,,,,,
w1x4pumobt9,01/11/2014,Cart,Cart.ViewItem,88016,,,,,,,,,,,,,,,,,
w1x4pumobt9,01/12/2014,Cart,Cart.ViewItem,106374,,,,,,,,,,,,,,,,,
wtnlnqrrudi,01/04/2013,Cart,Cart.AddItem,2029,,,,,,,,,,,,,,,,,
wtnlnqrrudi,01/05/2013,Cart,Cart.AddItem,1822,,,,,,,,,,,,,,,,,
wtnlnqrrudi,01/06/2013,Cart,Cart.AddItem,2679,,,,,,,,,,,,,,,,,
wtnlnqrrudi,01/07/2013,Cart,Cart.AddItem,2710,,,,,,,,,,,,,,,,,
wtnlnqrrudi,01/08/2013,Cart,Cart.AddItem,2344,,,,,,,,,,,,,,,,,
wtnlnqrrudi,01/09/2013,Cart,Cart.AddItem,3202,,,,,,,,,,,,,,,,,
wtnlnqrrudi,01/10/2013,Cart,Cart.AddItem,3125,,,,,,,,,,,,,,,,,
wtnlnqrrudi,01/11/2013,Cart,Cart.AddItem,3772,,,,,,,,,,,,,,,,,
wtnlnqrrudi,01/12/2013,Cart,Cart.AddItem,3482,,,,,,,,,,,,,,,,,
wtnlnqrrudi,01/01/2014,Cart,Cart.AddItem,4379,,,,,,,,,,,,,,,,,
wtnlnqrrudi,01/02/2014,Cart,Cart.AddItem,3869,,,,,,,,,,,,,,,,,
wtnlnqrrudi,01/03/2014,Cart,Cart.AddItem,3961,,,,,,,,,,,,,,,,,
wtnlnqrrudi,01/04/2014,Cart,Cart.AddItem,4585,,,,,,,,,,,,,,,,,
wtnlnqrrudi,01/05/2014,Cart,Cart.AddItem,4693,,,,,,,,,,,,,,,,,
wtnlnqrrudi,01/06/2014,Cart,Cart.AddItem,5055,,,,,,,,,,,,,,,,,
wtnlnqrrudi,01/07/2014,Cart,Cart.AddItem,5047,,,,,,,,,,,,,,,,,
wtnlnqrrudi,01/08/2014,Cart,Cart.AddItem,6001,,,,,,,,,,,,,,,,,
wtnlnqrrudi,01/09/2014,Cart,Cart.AddItem,4904,,,,,,,,,,,,,,,,,
wtnlnqrrudi,01/10/2014,Cart,Cart.AddItem,5789,,,,,,,,,,,,,,,,,
wtnlnqrrudi,01/11/2014,Cart,Cart.AddItem,5429,,,,,,,,,,,,,,,,,
wtnlnqrrudi,01/12/2014,Cart,Cart.AddItem,7386,,,,,,,,,,,,,,,,,
wtnlnqrrudi,01/04/2013,Cart,Cart.Checkout,1511,,,,,,,,,,,,,,,,,
wtnlnqrrudi,01/05/2013,Cart,Cart.Checkout,1310,,,,,,,,,,,,,,,,,
wtnlnqrrudi,01/06/2013,Cart,Cart.Checkout,2016,,,,,,,,,,,,,,,,,
wtnlnqrrudi,01/07/2013,Cart,Cart.Checkout,2060,,,,,,,,,,,,,,,,,
wtnlnqrrudi,01/08/2013,Cart,Cart.Checkout,1688,,,,,,,,,,,,,,,,,
wtnlnqrrudi,01/09/2013,Cart,Cart.Checkout,2370,,,,,,,,,,,,,,,,,
wtnlnqrrudi,01/10/2013,Cart,Cart.Checkout,2412,,,,,,,,,,,,,,,,,
wtnlnqrrudi,01/11/2013,Cart,Cart.Checkout,2788,,,,,,,,,,,,,,,,,
wtnlnqrrudi,01/12/2013,Cart,Cart.Checkout,2565,,,,,,,,,,,,,,,,,
wtnlnqrrudi,01/01/2014,Cart,Cart.Checkout,3439,,,,,,,,,,,,,,,,,
wtnlnqrrudi,01/02/2014,Cart,Cart.Checkout,3008,,,,,,,,,,,,,,,,,
wtnlnqrrudi,01/03/2014,Cart,Cart.Checkout,3155,,,,,,,,,,,,,,,,,
wtnlnqrrudi,01/04/2014,Cart,Cart.Checkout,3594,,,,,,,,,,,,,,,,,
wtnlnqrrudi,01/05/2014,Cart,Cart.Checkout,3528,,,,,,,,,,,,,,,,,
wtnlnqrrudi,01/06/2014,Cart,Cart.Checkout,4036,,,,,,,,,,,,,,,,,
wtnlnqrrudi,01/07/2014,Cart,Cart.Checkout,3859,,,,,,,,,,,,,,,,,
wtnlnqrrudi,01/08/2014,Cart,Cart.Checkout,4909,,,,,,,,,,,,,,,,,
wtnlnqrrudi,01/09/2014,Cart,Cart.Checkout,3907,,,,,,,,,,,,,,,,,
wtnlnqrrudi,01/10/2014,Cart,Cart.Checkout,4523,,,,,,,,,,,,,,,,,
wtnlnqrrudi,01/11/2014,Cart,Cart.Checkout,4433,,,,,,,,,,,,,,,,,
wtnlnqrrudi,01/12/2014,Cart,Cart.Checkout,5975,,,,,,,,,,,,,,,,,
wtnlnqrrudi,01/04/2013,Cart,Cart.PaymentSubmit,518,448510,,,,,,,,,,,,,,,,
wtnlnqrrudi,01/05/2013,Cart,Cart.PaymentSubmit,429,348161,,,,,,,,,,,,,,,,
wtnlnqrrudi,01/06/2013,Cart,Cart.PaymentSubmit,615,506764,,,,,,,,,,,,,,,,
wtnlnqrrudi,01/07/2013,Cart,Cart.PaymentSubmit,622,531559,,,,,,,,,,,,,,,,
wtnlnqrrudi,01/08/2013,Cart,Cart.PaymentSubmit,552,465024,,,,,,,,,,,,,,,,
wtnlnqrrudi,01/09/2013,Cart,Cart.PaymentSubmit,764,671701,,,,,,,,,,,,,,,,
wtnlnqrrudi,01/10/2013,Cart,Cart.PaymentSubmit,720,597391,,,,,,,,,,,,,,,,
wtnlnqrrudi,01/11/2013,Cart,Cart.PaymentSubmit,836,669818,,,,,,,,,,,,,,,,
wtnlnqrrudi,01/12/2013,Cart,Cart.PaymentSubmit,740,600112,,,,,,,,,,,,,,,,
wtnlnqrrudi,01/01/2014,Cart,Cart.PaymentSubmit,968,786311,,,,,,,,,,,,,,,,
wtnlnqrrudi,01/02/2014,Cart,Cart.PaymentSubmit,820,671368,,,,,,,,,,,,,,,,
wtnlnqrrudi,01/03/2014,Cart,Cart.PaymentSubmit,891,777875,,,,,,,,,,,,,,,,
wtnlnqrrudi,01/04/2014,Cart,Cart.PaymentSubmit,924,809767,,,,,,,,,,,,,,,,
wtnlnqrrudi,01/05/2014,Cart,Cart.PaymentSubmit,1003,813811,,,,,,,,,,,,,,,,
wtnlnqrrudi,01/06/2014,Cart,Cart.PaymentSubmit,1081,876431,,,,,,,,,,,,,,,,
wtnlnqrrudi,01/07/2014,Cart,Cart.PaymentSubmit,965,829853,,,,,,,,,,,,,,,,
wtnlnqrrudi,01/08/2014,Cart,Cart.PaymentSubmit,1303,1087731,,,,,,,,,,,,,,,,
wtnlnqrrudi,01/09/2014,Cart,Cart.PaymentSubmit,1035,840458,,,,,,,,,,,,,,,,
wtnlnqrrudi,01/10/2014,Cart,Cart.PaymentSubmit,1080,875952,,,,,,,,,,,,,,,,
wtnlnqrrudi,01/11/2014,Cart,Cart.PaymentSubmit,1002,855211,,,,,,,,,,,,,,,,
wtnlnqrrudi,01/12/2014,Cart,Cart.PaymentSubmit,1333,1163711,,,,,,,,,,,,,,,,
wtnlnqrrudi,01/04/2013,Cart,Cart.ViewItem,12489,,,,,,,,,,,,,,,,,
wtnlnqrrudi,01/05/2013,Cart,Cart.ViewItem,11242,,,,,,,,,,,,,,,,,
wtnlnqrrudi,01/06/2013,Cart,Cart.ViewItem,15514,,,,,,,,,,,,,,,,,
wtnlnqrrudi,01/07/2013,Cart,Cart.ViewItem,15878,,,,,,,,,,,,,,,,,
wtnlnqrrudi,01/08/2013,Cart,Cart.ViewItem,14133,,,,,,,,,,,,,,,,,
wtnlnqrrudi,01/09/2013,Cart,Cart.ViewItem,18212,,,,,,,,,,,,,,,,,
wtnlnqrrudi,01/10/2013,Cart,Cart.ViewItem,18358,,,,,,,,,,,,,,,,,
wtnlnqrrudi,01/11/2013,Cart,Cart.ViewItem,21880,,,,,,,,,,,,,,,,,
wtnlnqrrudi,01/12/2013,Cart,Cart.ViewItem,20397,,,,,,,,,,,,,,,,,
wtnlnqrrudi,01/01/2014,Cart,Cart.ViewItem,24375,,,,,,,,,,,,,,,,,
wtnlnqrrudi,01/02/2014,Cart,Cart.ViewItem,21363,,,,,,,,,,,,,,,,,
wtnlnqrrudi,01/03/2014,Cart,Cart.ViewItem,23532,,,,,,,,,,,,,,,,,
wtnlnqrrudi,01/04/2014,Cart,Cart.ViewItem,26359,,,,,,,,,,,,,,,,,
wtnlnqrrudi,01/05/2014,Cart,Cart.ViewItem,26316,,,,,,,,,,,,,,,,,
wtnlnqrrudi,01/06/2014,Cart,Cart.ViewItem,27967,,,,,,,,,,,,,,,,,
wtnlnqrrudi,01/07/2014,Cart,Cart.ViewItem,27346,,,,,,,,,,,,,,,,,
wtnlnqrrudi,01/08/2014,Cart,Cart.ViewItem,33644,,,,,,,,,,,,,,,,,
wtnlnqrrudi,01/09/2014,Cart,Cart.ViewItem,27142,,,,,,,,,,,,,,,,,
wtnlnqrrudi,01/10/2014,Cart,Cart.ViewItem,32964,,,,,,,,,,,,,,,,,
wtnlnqrrudi,01/11/2014,Cart,Cart.ViewItem,29901,,,,,,,,,,,,,,,,,
wtnlnqrrudi,01/12/2014,Cart,Cart.ViewItem,38684,,,,,,,,,,,,,,,,,
wzimmlvj9k9,01/01/2013,Cart,Cart.AddItem,401,,,,,,,,,,,,,,,,,
wzimmlvj9k9,01/02/2013,Cart,Cart.AddItem,341,,,,,,,,,,,,,,,,,
wzimmlvj9k9,01/03/2013,Cart,Cart.AddItem,328,,,,,,,,,,,,,,,,,
wzimmlvj9k9,01/04/2013,Cart,Cart.AddItem,396,,,,,,,,,,,,,,,,,
wzimmlvj9k9,01/05/2013,Cart,Cart.AddItem,410,,,,,,,,,,,,,,,,,
wzimmlvj9k9,01/06/2013,Cart,Cart.AddItem,399,,,,,,,,,,,,,,,,,
wzimmlvj9k9,01/07/2013,Cart,Cart.AddItem,393,,,,,,,,,,,,,,,,,
wzimmlvj9k9,01/08/2013,Cart,Cart.AddItem,438,,,,,,,,,,,,,,,,,
wzimmlvj9k9,01/09/2013,Cart,Cart.AddItem,411,,,,,,,,,,,,,,,,,
wzimmlvj9k9,01/10/2013,Cart,Cart.AddItem,444,,,,,,,,,,,,,,,,,
wzimmlvj9k9,01/11/2013,Cart,Cart.AddItem,394,,,,,,,,,,,,,,,,,
wzimmlvj9k9,01/12/2013,Cart,Cart.AddItem,496,,,,,,,,,,,,,,,,,
wzimmlvj9k9,01/01/2014,Cart,Cart.AddItem,465,,,,,,,,,,,,,,,,,
wzimmlvj9k9,01/02/2014,Cart,Cart.AddItem,482,,,,,,,,,,,,,,,,,
wzimmlvj9k9,01/03/2014,Cart,Cart.AddItem,436,,,,,,,,,,,,,,,,,
wzimmlvj9k9,01/04/2014,Cart,Cart.AddItem,444,,,,,,,,,,,,,,,,,
wzimmlvj9k9,01/05/2014,Cart,Cart.AddItem,502,,,,,,,,,,,,,,,,,
wzimmlvj9k9,01/06/2014,Cart,Cart.AddItem,430,,,,,,,,,,,,,,,,,
wzimmlvj9k9,01/07/2014,Cart,Cart.AddItem,446,,,,,,,,,,,,,,,,,
wzimmlvj9k9,01/08/2014,Cart,Cart.AddItem,461,,,,,,,,,,,,,,,,,
wzimmlvj9k9,01/09/2014,Cart,Cart.AddItem,424,,,,,,,,,,,,,,,,,
wzimmlvj9k9,01/10/2014,Cart,Cart.AddItem,546,,,,,,,,,,,,,,,,,
wzimmlvj9k9,01/11/2014,Cart,Cart.AddItem,464,,,,,,,,,,,,,,,,,
wzimmlvj9k9,01/12/2014,Cart,Cart.AddItem,464,,,,,,,,,,,,,,,,,
wzimmlvj9k9,01/01/2013,Cart,Cart.Checkout,273,,,,,,,,,,,,,,,,,
wzimmlvj9k9,01/02/2013,Cart,Cart.Checkout,233,,,,,,,,,,,,,,,,,
wzimmlvj9k9,01/03/2013,Cart,Cart.Checkout,235,,,,,,,,,,,,,,,,,
wzimmlvj9k9,01/04/2013,Cart,Cart.Checkout,287,,,,,,,,,,,,,,,,,
wzimmlvj9k9,01/05/2013,Cart,Cart.Checkout,281,,,,,,,,,,,,,,,,,
wzimmlvj9k9,01/06/2013,Cart,Cart.Checkout,282,,,,,,,,,,,,,,,,,
wzimmlvj9k9,01/07/2013,Cart,Cart.Checkout,269,,,,,,,,,,,,,,,,,
wzimmlvj9k9,01/08/2013,Cart,Cart.Checkout,321,,,,,,,,,,,,,,,,,
wzimmlvj9k9,01/09/2013,Cart,Cart.Checkout,281,,,,,,,,,,,,,,,,,
wzimmlvj9k9,01/10/2013,Cart,Cart.Checkout,305,,,,,,,,,,,,,,,,,
wzimmlvj9k9,01/11/2013,Cart,Cart.Checkout,288,,,,,,,,,,,,,,,,,
wzimmlvj9k9,01/12/2013,Cart,Cart.Checkout,354,,,,,,,,,,,,,,,,,
wzimmlvj9k9,01/01/2014,Cart,Cart.Checkout,342,,,,,,,,,,,,,,,,,
wzimmlvj9k9,01/02/2014,Cart,Cart.Checkout,349,,,,,,,,,,,,,,,,,
wzimmlvj9k9,01/03/2014,Cart,Cart.Checkout,307,,,,,,,,,,,,,,,,,
wzimmlvj9k9,01/04/2014,Cart,Cart.Checkout,327,,,,,,,,,,,,,,,,,
wzimmlvj9k9,01/05/2014,Cart,Cart.Checkout,359,,,,,,,,,,,,,,,,,
wzimmlvj9k9,01/06/2014,Cart,Cart.Checkout,304,,,,,,,,,,,,,,,,,
wzimmlvj9k9,01/07/2014,Cart,Cart.Checkout,329,,,,,,,,,,,,,,,,,
wzimmlvj9k9,01/08/2014,Cart,Cart.Checkout,342,,,,,,,,,,,,,,,,,
wzimmlvj9k9,01/09/2014,Cart,Cart.Checkout,318,,,,,,,,,,,,,,,,,
wzimmlvj9k9,01/10/2014,Cart,Cart.Checkout,383,,,,,,,,,,,,,,,,,
wzimmlvj9k9,01/11/2014,Cart,Cart.Checkout,334,,,,,,,,,,,,,,,,,
wzimmlvj9k9,01/12/2014,Cart,Cart.Checkout,338,,,,,,,,,,,,,,,,,
wzimmlvj9k9,01/01/2013,Cart,Cart.PaymentSubmit,133,988071,,,,,,,,,,,,,,,,
wzimmlvj9k9,01/02/2013,Cart,Cart.PaymentSubmit,105,807588,,,,,,,,,,,,,,,,
wzimmlvj9k9,01/03/2013,Cart,Cart.PaymentSubmit,109,777015,,,,,,,,,,,,,,,,
wzimmlvj9k9,01/04/2013,Cart,Cart.PaymentSubmit,124,908220,,,,,,,,,,,,,,,,
wzimmlvj9k9,01/05/2013,Cart,Cart.PaymentSubmit,128,966940,,,,,,,,,,,,,,,,
wzimmlvj9k9,01/06/2013,Cart,Cart.PaymentSubmit,129,920466,,,,,,,,,,,,,,,,
wzimmlvj9k9,01/07/2013,Cart,Cart.PaymentSubmit,113,866891,,,,,,,,,,,,,,,,
wzimmlvj9k9,01/08/2013,Cart,Cart.PaymentSubmit,126,936285,,,,,,,,,,,,,,,,
wzimmlvj9k9,01/09/2013,Cart,Cart.PaymentSubmit,111,797493,,,,,,,,,,,,,,,,
wzimmlvj9k9,01/10/2013,Cart,Cart.PaymentSubmit,126,921729,,,,,,,,,,,,,,,,
wzimmlvj9k9,01/11/2013,Cart,Cart.PaymentSubmit,110,809975,,,,,,,,,,,,,,,,
wzimmlvj9k9,01/12/2013,Cart,Cart.PaymentSubmit,132,951306,,,,,,,,,,,,,,,,
wzimmlvj9k9,01/01/2014,Cart,Cart.PaymentSubmit,124,915354,,,,,,,,,,,,,,,,
wzimmlvj9k9,01/02/2014,Cart,Cart.PaymentSubmit,132,976557,,,,,,,,,,,,,,,,
wzimmlvj9k9,01/03/2014,Cart,Cart.PaymentSubmit,108,819682,,,,,,,,,,,,,,,,
wzimmlvj9k9,01/04/2014,Cart,Cart.PaymentSubmit,108,788199,,,,,,,,,,,,,,,,
wzimmlvj9k9,01/05/2014,Cart,Cart.PaymentSubmit,109,766408,,,,,,,,,,,,,,,,
wzimmlvj9k9,01/06/2014,Cart,Cart.PaymentSubmit,91,676845,,,,,,,,,,,,,,,,
wzimmlvj9k9,01/07/2014,Cart,Cart.PaymentSubmit,97,682642,,,,,,,,,,,,,,,,
wzimmlvj9k9,01/08/2014,Cart,Cart.PaymentSubmit,102,747579,,,,,,,,,,,,,,,,
wzimmlvj9k9,01/09/2014,Cart,Cart.PaymentSubmit,88,619143,,,,,,,,,,,,,,,,
wzimmlvj9k9,01/10/2014,Cart,Cart.PaymentSubmit,104,740362,,,,,,,,,,,,,,,,
wzimmlvj9k9,01/11/2014,Cart,Cart.PaymentSubmit,90,677329,,,,,,,,,,,,,,,,
wzimmlvj9k9,01/12/2014,Cart,Cart.PaymentSubmit,90,635542,,,,,,,,,,,,,,,,
wzimmlvj9k9,01/01/2013,Cart,Cart.ViewItem,1216,,,,,,,,,,,,,,,,,
wzimmlvj9k9,01/02/2013,Cart,Cart.ViewItem,1043,,,,,,,,,,,,,,,,,
wzimmlvj9k9,01/03/2013,Cart,Cart.ViewItem,1026,,,,,,,,,,,,,,,,,
wzimmlvj9k9,01/04/2013,Cart,Cart.ViewItem,1218,,,,,,,,,,,,,,,,,
wzimmlvj9k9,01/05/2013,Cart,Cart.ViewItem,1216,,,,,,,,,,,,,,,,,
wzimmlvj9k9,01/06/2013,Cart,Cart.ViewItem,1221,,,,,,,,,,,,,,,,,
wzimmlvj9k9,01/07/2013,Cart,Cart.ViewItem,1142,,,,,,,,,,,,,,,,,
wzimmlvj9k9,01/08/2013,Cart,Cart.ViewItem,1335,,,,,,,,,,,,,,,,,
wzimmlvj9k9,01/09/2013,Cart,Cart.ViewItem,1163,,,,,,,,,,,,,,,,,
wzimmlvj9k9,01/10/2013,Cart,Cart.ViewItem,1332,,,,,,,,,,,,,,,,,
wzimmlvj9k9,01/11/2013,Cart,Cart.ViewItem,1105,,,,,,,,,,,,,,,,,
wzimmlvj9k9,01/12/2013,Cart,Cart.ViewItem,1409,,,,,,,,,,,,,,,,,
wzimmlvj9k9,01/01/2014,Cart,Cart.ViewItem,1377,,,,,,,,,,,,,,,,,
wzimmlvj9k9,01/02/2014,Cart,Cart.ViewItem,1422,,,,,,,,,,,,,,,,,
wzimmlvj9k9,01/03/2014,Cart,Cart.ViewItem,1211,,,,,,,,,,,,,,,,,
wzimmlvj9k9,01/04/2014,Cart,Cart.ViewItem,1230,,,,,,,,,,,,,,,,,
wzimmlvj9k9,01/05/2014,Cart,Cart.ViewItem,1421,,,,,,,,,,,,,,,,,
wzimmlvj9k9,01/06/2014,Cart,Cart.ViewItem,1211,,,,,,,,,,,,,,,,,
wzimmlvj9k9,01/07/2014,Cart,Cart.ViewItem,1238,,,,,,,,,,,,,,,,,
wzimmlvj9k9,01/08/2014,Cart,Cart.ViewItem,1269,,,,,,,,,,,,,,,,,
wzimmlvj9k9,01/09/2014,Cart,Cart.ViewItem,1209,,,,,,,,,,,,,,,,,
wzimmlvj9k9,01/10/2014,Cart,Cart.ViewItem,1469,,,,,,,,,,,,,,,,,
wzimmlvj9k9,01/11/2014,Cart,Cart.ViewItem,1242,,,,,,,,,,,,,,,,,
wzimmlvj9k9,01/12/2014,Cart,Cart.ViewItem,1307,,,,,,,,,,,,,,,,,
yadjx8estt9,01/01/2014,Cart,Cart.AddItem,6495,,,,,,,,,,,,,,,,,
yadjx8estt9,01/02/2014,Cart,Cart.AddItem,6538,,,,,,,,,,,,,,,,,
yadjx8estt9,01/03/2014,Cart,Cart.AddItem,6252,,,,,,,,,,,,,,,,,
yadjx8estt9,01/04/2014,Cart,Cart.AddItem,6312,,,,,,,,,,,,,,,,,
yadjx8estt9,01/05/2014,Cart,Cart.AddItem,7868,,,,,,,,,,,,,,,,,
yadjx8estt9,01/06/2014,Cart,Cart.AddItem,8156,,,,,,,,,,,,,,,,,
yadjx8estt9,01/07/2014,Cart,Cart.AddItem,6160,,,,,,,,,,,,,,,,,
yadjx8estt9,01/08/2014,Cart,Cart.AddItem,7301,,,,,,,,,,,,,,,,,
yadjx8estt9,01/09/2014,Cart,Cart.AddItem,7500,,,,,,,,,,,,,,,,,
yadjx8estt9,01/10/2014,Cart,Cart.AddItem,7367,,,,,,,,,,,,,,,,,
yadjx8estt9,01/11/2014,Cart,Cart.AddItem,8532,,,,,,,,,,,,,,,,,
yadjx8estt9,01/12/2014,Cart,Cart.AddItem,8005,,,,,,,,,,,,,,,,,
yadjx8estt9,01/01/2014,Cart,Cart.Checkout,4652,,,,,,,,,,,,,,,,,
yadjx8estt9,01/02/2014,Cart,Cart.Checkout,4559,,,,,,,,,,,,,,,,,
yadjx8estt9,01/03/2014,Cart,Cart.Checkout,3973,,,,,,,,,,,,,,,,,
yadjx8estt9,01/04/2014,Cart,Cart.Checkout,4202,,,,,,,,,,,,,,,,,
yadjx8estt9,01/05/2014,Cart,Cart.Checkout,5342,,,,,,,,,,,,,,,,,
yadjx8estt9,01/06/2014,Cart,Cart.Checkout,5299,,,,,,,,,,,,,,,,,
yadjx8estt9,01/07/2014,Cart,Cart.Checkout,3739,,,,,,,,,,,,,,,,,
yadjx8estt9,01/08/2014,Cart,Cart.Checkout,4453,,,,,,,,,,,,,,,,,
yadjx8estt9,01/09/2014,Cart,Cart.Checkout,4717,,,,,,,,,,,,,,,,,
yadjx8estt9,01/10/2014,Cart,Cart.Checkout,4213,,,,,,,,,,,,,,,,,
yadjx8estt9,01/11/2014,Cart,Cart.Checkout,4724,,,,,,,,,,,,,,,,,
yadjx8estt9,01/12/2014,Cart,Cart.Checkout,4624,,,,,,,,,,,,,,,,,
yadjx8estt9,01/01/2014,Cart,Cart.PaymentSubmit,1594,3335994,,,,,,,,,,,,,,,,
yadjx8estt9,01/02/2014,Cart,Cart.PaymentSubmit,1558,3116532,,,,,,,,,,,,,,,,
yadjx8estt9,01/03/2014,Cart,Cart.PaymentSubmit,1235,2664581,,,,,,,,,,,,,,,,
yadjx8estt9,01/04/2014,Cart,Cart.PaymentSubmit,1282,2783505,,,,,,,,,,,,,,,,
yadjx8estt9,01/05/2014,Cart,Cart.PaymentSubmit,1694,3421470,,,,,,,,,,,,,,,,
yadjx8estt9,01/06/2014,Cart,Cart.PaymentSubmit,1676,3676214,,,,,,,,,,,,,,,,
yadjx8estt9,01/07/2014,Cart,Cart.PaymentSubmit,1224,2560597,,,,,,,,,,,,,,,,
yadjx8estt9,01/08/2014,Cart,Cart.PaymentSubmit,1292,2585064,,,,,,,,,,,,,,,,
yadjx8estt9,01/09/2014,Cart,Cart.PaymentSubmit,1411,3027506,,,,,,,,,,,,,,,,
yadjx8estt9,01/10/2014,Cart,Cart.PaymentSubmit,1230,2675541,,,,,,,,,,,,,,,,
yadjx8estt9,01/11/2014,Cart,Cart.PaymentSubmit,1454,3128234,,,,,,,,,,,,,,,,
yadjx8estt9,01/12/2014,Cart,Cart.PaymentSubmit,1326,2837224,,,,,,,,,,,,,,,,
yadjx8estt9,01/01/2014,Cart,Cart.ViewItem,21240,,,,,,,,,,,,,,,,,
yadjx8estt9,01/02/2014,Cart,Cart.ViewItem,20583,,,,,,,,,,,,,,,,,
yadjx8estt9,01/03/2014,Cart,Cart.ViewItem,20459,,,,,,,,,,,,,,,,,
yadjx8estt9,01/04/2014,Cart,Cart.ViewItem,19975,,,,,,,,,,,,,,,,,
yadjx8estt9,01/05/2014,Cart,Cart.ViewItem,24699,,,,,,,,,,,,,,,,,
yadjx8estt9,01/06/2014,Cart,Cart.ViewItem,25240,,,,,,,,,,,,,,,,,
yadjx8estt9,01/07/2014,Cart,Cart.ViewItem,20473,,,,,,,,,,,,,,,,,
yadjx8estt9,01/08/2014,Cart,Cart.ViewItem,23443,,,,,,,,,,,,,,,,,
yadjx8estt9,01/09/2014,Cart,Cart.ViewItem,23456,,,,,,,,,,,,,,,,,
yadjx8estt9,01/10/2014,Cart,Cart.ViewItem,24223,,,,,,,,,,,,,,,,,
yadjx8estt9,01/11/2014,Cart,Cart.ViewItem,28433,,,,,,,,,,,,,,,,,
yadjx8estt9,01/12/2014,Cart,Cart.ViewItem,26348,,,,,,,,,,,,,,,,,
zz8yi2lz0k9,01/01/2013,Cart,Cart.AddItem,623,,,,,,,,,,,,,,,,,
zz8yi2lz0k9,01/02/2013,Cart,Cart.AddItem,798,,,,,,,,,,,,,,,,,
zz8yi2lz0k9,01/03/2013,Cart,Cart.AddItem,730,,,,,,,,,,,,,,,,,
zz8yi2lz0k9,01/04/2013,Cart,Cart.AddItem,957,,,,,,,,,,,,,,,,,
zz8yi2lz0k9,01/05/2013,Cart,Cart.AddItem,889,,,,,,,,,,,,,,,,,
zz8yi2lz0k9,01/06/2013,Cart,Cart.AddItem,847,,,,,,,,,,,,,,,,,
zz8yi2lz0k9,01/07/2013,Cart,Cart.AddItem,1045,,,,,,,,,,,,,,,,,
zz8yi2lz0k9,01/08/2013,Cart,Cart.AddItem,853,,,,,,,,,,,,,,,,,
zz8yi2lz0k9,01/09/2013,Cart,Cart.AddItem,1024,,,,,,,,,,,,,,,,,
zz8yi2lz0k9,01/10/2013,Cart,Cart.AddItem,921,,,,,,,,,,,,,,,,,
zz8yi2lz0k9,01/11/2013,Cart,Cart.AddItem,1019,,,,,,,,,,,,,,,,,
zz8yi2lz0k9,01/12/2013,Cart,Cart.AddItem,1087,,,,,,,,,,,,,,,,,
zz8yi2lz0k9,01/01/2014,Cart,Cart.AddItem,1177,,,,,,,,,,,,,,,,,
zz8yi2lz0k9,01/02/2014,Cart,Cart.AddItem,981,,,,,,,,,,,,,,,,,
zz8yi2lz0k9,01/03/2014,Cart,Cart.AddItem,1221,,,,,,,,,,,,,,,,,
zz8yi2lz0k9,01/04/2014,Cart,Cart.AddItem,1058,,,,,,,,,,,,,,,,,
zz8yi2lz0k9,01/05/2014,Cart,Cart.AddItem,1069,,,,,,,,,,,,,,,,,
zz8yi2lz0k9,01/06/2014,Cart,Cart.AddItem,1139,,,,,,,,,,,,,,,,,
zz8yi2lz0k9,01/07/2014,Cart,Cart.AddItem,1287,,,,,,,,,,,,,,,,,
zz8yi2lz0k9,01/08/2014,Cart,Cart.AddItem,1470,,,,,,,,,,,,,,,,,
zz8yi2lz0k9,01/09/2014,Cart,Cart.AddItem,1309,,,,,,,,,,,,,,,,,
zz8yi2lz0k9,01/10/2014,Cart,Cart.AddItem,1299,,,,,,,,,,,,,,,,,
zz8yi2lz0k9,01/11/2014,Cart,Cart.AddItem,1390,,,,,,,,,,,,,,,,,
zz8yi2lz0k9,01/12/2014,Cart,Cart.AddItem,1385,,,,,,,,,,,,,,,,,
zz8yi2lz0k9,01/01/2013,Cart,Cart.Checkout,263,,,,,,,,,,,,,,,,,
zz8yi2lz0k9,01/02/2013,Cart,Cart.Checkout,366,,,,,,,,,,,,,,,,,
zz8yi2lz0k9,01/03/2013,Cart,Cart.Checkout,322,,,,,,,,,,,,,,,,,
zz8yi2lz0k9,01/04/2013,Cart,Cart.Checkout,417,,,,,,,,,,,,,,,,,
zz8yi2lz0k9,01/05/2013,Cart,Cart.Checkout,410,,,,,,,,,,,,,,,,,
zz8yi2lz0k9,01/06/2013,Cart,Cart.Checkout,390,,,,,,,,,,,,,,,,,
zz8yi2lz0k9,01/07/2013,Cart,Cart.Checkout,501,,,,,,,,,,,,,,,,,
zz8yi2lz0k9,01/08/2013,Cart,Cart.Checkout,414,,,,,,,,,,,,,,,,,
zz8yi2lz0k9,01/09/2013,Cart,Cart.Checkout,502,,,,,,,,,,,,,,,,,
zz8yi2lz0k9,01/10/2013,Cart,Cart.Checkout,458,,,,,,,,,,,,,,,,,
zz8yi2lz0k9,01/11/2013,Cart,Cart.Checkout,497,,,,,,,,,,,,,,,,,
zz8yi2lz0k9,01/12/2013,Cart,Cart.Checkout,527,,,,,,,,,,,,,,,,,
zz8yi2lz0k9,01/01/2014,Cart,Cart.Checkout,586,,,,,,,,,,,,,,,,,
zz8yi2lz0k9,01/02/2014,Cart,Cart.Checkout,480,,,,,,,,,,,,,,,,,
zz8yi2lz0k9,01/03/2014,Cart,Cart.Checkout,613,,,,,,,,,,,,,,,,,
zz8yi2lz0k9,01/04/2014,Cart,Cart.Checkout,541,,,,,,,,,,,,,,,,,
zz8yi2lz0k9,01/05/2014,Cart,Cart.Checkout,547,,,,,,,,,,,,,,,,,
zz8yi2lz0k9,01/06/2014,Cart,Cart.Checkout,577,,,,,,,,,,,,,,,,,
zz8yi2lz0k9,01/07/2014,Cart,Cart.Checkout,678,,,,,,,,,,,,,,,,,
zz8yi2lz0k9,01/08/2014,Cart,Cart.Checkout,763,,,,,,,,,,,,,,,,,
zz8yi2lz0k9,01/09/2014,Cart,Cart.Checkout,702,,,,,,,,,,,,,,,,,
zz8yi2lz0k9,01/10/2014,Cart,Cart.Checkout,718,,,,,,,,,,,,,,,,,
zz8yi2lz0k9,01/11/2014,Cart,Cart.Checkout,746,,,,,,,,,,,,,,,,,
zz8yi2lz0k9,01/12/2014,Cart,Cart.Checkout,748,,,,,,,,,,,,,,,,,
zz8yi2lz0k9,01/01/2013,Cart,Cart.PaymentSubmit,141,149844,,,,,,,,,,,,,,,,
zz8yi2lz0k9,01/02/2013,Cart,Cart.PaymentSubmit,205,218621,,,,,,,,,,,,,,,,
zz8yi2lz0k9,01/03/2013,Cart,Cart.PaymentSubmit,158,164809,,,,,,,,,,,,,,,,
zz8yi2lz0k9,01/04/2013,Cart,Cart.PaymentSubmit,200,218252,,,,,,,,,,,,,,,,
zz8yi2lz0k9,01/05/2013,Cart,Cart.PaymentSubmit,192,196085,,,,,,,,,,,,,,,,
zz8yi2lz0k9,01/06/2013,Cart,Cart.PaymentSubmit,177,183428,,,,,,,,,,,,,,,,
zz8yi2lz0k9,01/07/2013,Cart,Cart.PaymentSubmit,228,243772,,,,,,,,,,,,,,,,
zz8yi2lz0k9,01/08/2013,Cart,Cart.PaymentSubmit,171,172870,,,,,,,,,,,,,,,,
zz8yi2lz0k9,01/09/2013,Cart,Cart.PaymentSubmit,191,208265,,,,,,,,,,,,,,,,
zz8yi2lz0k9,01/10/2013,Cart,Cart.PaymentSubmit,158,162973,,,,,,,,,,,,,,,,
zz8yi2lz0k9,01/11/2013,Cart,Cart.PaymentSubmit,186,187752,,,,,,,,,,,,,,,,
zz8yi2lz0k9,01/12/2013,Cart,Cart.PaymentSubmit,182,194048,,,,,,,,,,,,,,,,
zz8yi2lz0k9,01/01/2014,Cart,Cart.PaymentSubmit,176,182370,,,,,,,,,,,,,,,,
zz8yi2lz0k9,01/02/2014,Cart,Cart.PaymentSubmit,134,139774,,,,,,,,,,,,,,,,
zz8yi2lz0k9,01/03/2014,Cart,Cart.PaymentSubmit,179,188145,,,,,,,,,,,,,,,,
zz8yi2lz0k9,01/04/2014,Cart,Cart.PaymentSubmit,141,151344,,,,,,,,,,,,,,,,
zz8yi2lz0k9,01/05/2014,Cart,Cart.PaymentSubmit,128,133905,,,,,,,,,,,,,,,,
zz8yi2lz0k9,01/06/2014,Cart,Cart.PaymentSubmit,113,119629,,,,,,,,,,,,,,,,
zz8yi2lz0k9,01/07/2014,Cart,Cart.PaymentSubmit,142,144631,,,,,,,,,,,,,,,,
zz8yi2lz0k9,01/08/2014,Cart,Cart.PaymentSubmit,148,152548,,,,,,,,,,,,,,,,
zz8yi2lz0k9,01/09/2014,Cart,Cart.PaymentSubmit,103,105024,,,,,,,,,,,,,,,,
zz8yi2lz0k9,01/10/2014,Cart,Cart.PaymentSubmit,111,114207,,,,,,,,,,,,,,,,
zz8yi2lz0k9,01/11/2014,Cart,Cart.PaymentSubmit,98,105073,,,,,,,,,,,,,,,,
zz8yi2lz0k9,01/12/2014,Cart,Cart.PaymentSubmit,65,66982,,,,,,,,,,,,,,,,
zz8yi2lz0k9,01/01/2013,Cart,Cart.ViewItem,3050,,,,,,,,,,,,,,,,,
zz8yi2lz0k9,01/02/2013,Cart,Cart.ViewItem,3701,,,,,,,,,,,,,,,,,
zz8yi2lz0k9,01/03/2013,Cart,Cart.ViewItem,3253,,,,,,,,,,,,,,,,,
zz8yi2lz0k9,01/04/2013,Cart,Cart.ViewItem,4251,,,,,,,,,,,,,,,,,
zz8yi2lz0k9,01/05/2013,Cart,Cart.ViewItem,4224,,,,,,,,,,,,,,,,,
zz8yi2lz0k9,01/06/2013,Cart,Cart.ViewItem,3998,,,,,,,,,,,,,,,,,
zz8yi2lz0k9,01/07/2013,Cart,Cart.ViewItem,4647,,,,,,,,,,,,,,,,,
zz8yi2lz0k9,01/08/2013,Cart,Cart.ViewItem,3994,,,,,,,,,,,,,,,,,
zz8yi2lz0k9,01/09/2013,Cart,Cart.ViewItem,4712,,,,,,,,,,,,,,,,,
zz8yi2lz0k9,01/10/2013,Cart,Cart.ViewItem,4170,,,,,,,,,,,,,,,,,
zz8yi2lz0k9,01/11/2013,Cart,Cart.ViewItem,4705,,,,,,,,,,,,,,,,,
zz8yi2lz0k9,01/12/2013,Cart,Cart.ViewItem,4710,,,,,,,,,,,,,,,,,
zz8yi2lz0k9,01/01/2014,Cart,Cart.ViewItem,5373,,,,,,,,,,,,,,,,,
zz8yi2lz0k9,01/02/2014,Cart,Cart.ViewItem,4395,,,,,,,,,,,,,,,,,
zz8yi2lz0k9,01/03/2014,Cart,Cart.ViewItem,5440,,,,,,,,,,,,,,,,,
zz8yi2lz0k9,01/04/2014,Cart,Cart.ViewItem,4602,,,,,,,,,,,,,,,,,
zz8yi2lz0k9,01/05/2014,Cart,Cart.ViewItem,4601,,,,,,,,,,,,,,,,,
zz8yi2lz0k9,01/06/2014,Cart,Cart.ViewItem,5006,,,,,,,,,,,,,,,,,
zz8yi2lz0k9,01/07/2014,Cart,Cart.ViewItem,5520,,,,,,,,,,,,,,,,,
zz8yi2lz0k9,01/08/2014,Cart,Cart.ViewItem,6349,,,,,,,,,,,,,,,,,
zz8yi2lz0k9,01/09/2014,Cart,Cart.ViewItem,5744,,,,,,,,,,,,,,,,,
zz8yi2lz0k9,01/10/2014,Cart,Cart.ViewItem,5538,,,,,,,,,,,,,,,,,
zz8yi2lz0k9,01/11/2014,Cart,Cart.ViewItem,6035,,,,,,,,,,,,,,,,,
zz8yi2lz0k9,01/12/2014,Cart,Cart.ViewItem,5830,,,,,,,,,,,,,,,,,
,,,,,,,,,,,,,,,,,,,,,
,,,,,,,,,,,,,,,,,,,,,
,,,,,,,,,,,,,,,,,,,,,
,,,,,,,,,,,,,,,,,,,,,
,,,,,,,,,,,,,,,,,,,,,
,,,,,,,,,,,,,,,,,,,,,
,,,,,,,,,,,,,,,,,,,,,
,,,,,,,,,,,,,,,,,,,,,
,,,,,,,,,,,,,,,,,,,,,
,,,,,,,,,,,,,,,,,,,,,
,,,,,,,,,,,,,,,,,,,,,
,,,,,,,,,,,,,,,,,,,,,
,,,,,,,,,,,,,,,,,,,,,
,,,,,,,,,,,,,,,,,,,,,
,,,,,,,,,,,,,,,,,,,,,
,,,,,,,,,,,,,,,,,,,,,
,,,,,,,,,,,,,,,,,,,,,
,,,,,,,,,,,,,,,,,,,,,
,,,,,,,,,,,,,,,,,,,,,
,,,,,,,,,,,,,,,,,,,,,
,,,,,,,,,,,,,,,,,,,,,
,,,,,,,,,,,,,,,,,,,,,
,,,,,,,,,,,,,,,,,,,,,
,,,,,,,,,,,,,,,,,,,,,
,,,,,,,,,,,,,,,,,,,,,
,,,,,,,,,,,,,,,,,,,,,
,,,,,,,,,,,,,,,,,,,,,
,,,,,,,,,,,,,,,,,,,,,
,,,,,,,,,,,,,,,,,,,,,
,,,,,,,,,,,,,,,,,,,,,
,,,,,,,,,,,,,,,,,,,,,
,,,,,,,,,,,,,,,,,,,,,
,,,,,,,,,,,,,,,,,,,,,
,,,,,,,,,,,,,,,,,,,,,
,,,,,,,,,,,,,,,,,,,,,
,,,,,,,,,,,,,,,,,,,,,
,,,,,,,,,,,,,,,,,,,,,
,,,,,,,,,,,,,,,,,,,,,
,,,,,,,,,,,,,,,,,,,,,
,,,,,,,,,,,,,,,,,,,,,
,,,,,,,,,,,,,,,,,,,,,
,,,,,,,,,,,,,,,,,,,,,
,,,,,,,,,,,,,,,,,,,,,
,,,,,,,,,,,,,,,,,,,,,
,,,,,,,,,,,,,,,,,,,,,
,,,,,,,,,,,,,,,,,,,,,
,,,,,,,,,,,,,,,,,,,,,
,,,,,,,,,,,,,,,,,,,,,
,,,,,,,,,,,,,,,,,,,,,
,,,,,,,,,,,,,,,,,,,,,
,,,,,,,,,,,,,,,,,,,,,
,,,,,,,,,,,,,,,,,,,,,
,,,,,,,,,,,,,,,,,,,,,
,,,,,,,,,,,,,,,,,,,,,
,,,,,,,,,,,,,,,,,,,,,
,,,,,,,,,,,,,,,,,,,,,
,,,,,,,,,,,,,,,,,,,,,
,,,,,,,,,,,,,,,,,,,,,
,,,,,,,,,,,,,,,,,,,,,
,,,,,,,,,,,,,,,,,,,,,
,,,,,,,,,,,,,,,,,,,,,
,,,,,,,,,,,,,,,,,,,,,
,,,,,,,,,,,,,,,,,,,,,
,,,,,,,,,,,,,,,,,,,,,
,,,,,,,,,,,,,,,,,,,,,
,,,,,,,,,,,,,,,,,,,,,
,,,,,,,,,,,,,,,,,,,,,
,,,,,,,,,,,,,,,,,,,,,
,,,,,,,,,,,,,,,,,,,,,
,,,,,,,,,,,,,,,,,,,,,
,,,,,,,,,,,,,,,,,,,,,
,,,,,,,,,,,,,,,,,,,,,
,,,,,,,,,,,,,,,,,,,,,
,,,,,,,,,,,,,,,,,,,,,
,,,,,,,,,,,,,,,,,,,,,
,,,,,,,,,,,,,,,,,,,,,
,,,,,,,,,,,,,,,,,,,,,
,,,,,,,,,,,,,,,,,,,,,
,,,,,,,,,,,,,,,,,,,,,
,,,,,,,,,,,,,,,,,,,,,
,,,,,,,,,,,,,,,,,,,,,
,,,,,,,,,,,,,,,,,,,,,
,,,,,,,,,,,,,,,,,,,,,
,,,,,,,,,,,,,,,,,,,,,
,,,,,,,,,,,,,,,,,,,,,
,,,,,,,,,,,,,,,,,,,,,
,,,,,,,,,,,,,,,,,,,,,
,,,,,,,,,,,,,,,,,,,,,
,,,,,,,,,,,,,,,,,,,,,
,,,,,,,,,,,,,,,,,,,,,
,,,,,,,,,,,,,,,,,,,,,
,,,,,,,,,,,,,,,,,,,,,
,,,,,,,,,,,,,,,,,,,,,
,,,,,,,,,,,,,,,,,,,,,
,,,,,,,,,,,,,,,,,,,,,
,,,,,,,,,,,,,,,,,,,,,
,,,,,,,,,,,,,,,,,,,,,
,,,,,,,,,,,,,,,,,,,,,
,,,,,,,,,,,,,,,,,,,,,
,,,,,,,,,,,,,,,,,,,,,
,,,,,,,,,,,,,,,,,,,,,
,,,,,,,,,,,,,,,,,,,,,
,,,,,,,,,,,,,,,,,,,,,
,,,,,,,,,,,,,,,,,,,,,
,,,,,,,,,,,,,,,,,,,,,
,,,,,,,,,,,,,,,,,,,,,
,,,,,,,,,,,,,,,,,,,,,
,,,,,,,,,,,,,,,,,,,,,
,,,,,,,,,,,,,,,,,,,,,
,,,,,,,,,,,,,,,,,,,,,
,,,,,,,,,,,,,,,,,,,,,
,,,,,,,,,,,,,,,,,,,,,
,,,,,,,,,,,,,,,,,,,,,
,,,,,,,,,,,,,,,,,,,,,
,,,,,,,,,,,,,,,,,,,,,
,,,,,,,,,,,,,,,,,,,,,
,,,,,,,,,,,,,,,,,,,,,
,,,,,,,,,,,,,,,,,,,,,
,,,,,,,,,,,,,,,,,,,,,
,,,,,,,,,,,,,,,,,,,,,
,,,,,,,,,,,,,,,,,,,,,
,,,,,,,,,,,,,,,,,,,,,
,,,,,,,,,,,,,,,,,,,,,
,,,,,,,,,,,,,,,,,,,,,
,,,,,,,,,,,,,,,,,,,,,
,,,,,,,,,,,,,,,,,,,,,
,,,,,,,,,,,,,,,,,,,,,
,,,,,,,,,,,,,,,,,,,,,
,,,,,,,,,,,,,,,,,,,,,
,,,,,,,,,,,,,,,,,,,,,
,,,,,,,,,,,,,,,,,,,,,
,,,,,,,,,,,,,,,,,,,,,
,,,,,,,,,,,,,,,,,,,,,
,,,,,,,,,,,,,,,,,,,,,
,,,,,,,,,,,,,,,,,,,,,
,,,,,,,,,,,,,,,,,,,,,
,,,,,,,,,,,,,,,,,,,,,
,,,,,,,,,,,,,,,,,,,,,
,,,,,,,,,,,,,,,,,,,,,
,,,,,,,,,,,,,,,,,,,,,
,,,,,,,,,,,,,,,,,,,,,
,,,,,,,,,,,,,,,,,,,,,
,,,,,,,,,,,,,,,,,,,,,
,,,,,,,,,,,,,,,,,,,,,
,,,,,,,,,,,,,,,,,,,,,
,,,,,,,,,,,,,,,,,,,,,
,,,,,,,,,,,,,,,,,,,,,
,,,,,,,,,,,,,,,,,,,,,
,,,,,,,,,,,,,,,,,,,,,
,,,,,,,,,,,,,,,,,,,,,
,,,,,,,,,,,,,,,,,,,,,
,,,,,,,,,,,,,,,,,,,,,
,,,,,,,,,,,,,,,,,,,,,
,,,,,,,,,,,,,,,,,,,,,
,,,,,,,,,,,,,,,,,,,,,
,,,,,,,,,,,,,,,,,,,,,
,,,,,,,,,,,,,,,,,,,,,
,,,,,,,,,,,,,,,,,,,,,
,,,,,,,,,,,,,,,,,,,,,
,,,,,,,,,,,,,,,,,,,,,
,,,,,,,,,,,,,,,,,,,,,
,,,,,,,,,,,,,,,,,,,,,
,,,,,,,,,,,,,,,,,,,,,
,,,,,,,,,,,,,,,,,,,,,
,,,,,,,,,,,,,,,,,,,,,
,,,,,,,,,,,,,,,,,,,,,
,,,,,,,,,,,,,,,,,,,,,
,,,,,,,,,,,,,,,,,,,,,
,,,,,,,,,,,,,,,,,,,,,
,,,,,,,,,,,,,,,,,,,,,
,,,,,,,,,,,,,,,,,,,,,
,,,,,,,,,,,,,,,,,,,,,
,,,,,,,,,,,,,,,,,,,,,
,,,,,,,,,,,,,,,,,,,,,
,,,,,,,,,,,,,,,,,,,,,
,,,,,,,,,,,,,,,,,,,,,
,,,,,,,,,,,,,,,,,,,,,
,,,,,,,,,,,,,,,,,,,,,
,,,,,,,,,,,,,,,,,,,,,
,,,,,,,,,,,,,,,,,,,,,
,,,,,,,,,,,,,,,,,,,,,
,,,,,,,,,,,,,,,,,,,,,
,,,,,,,,,,,,,,,,,,,,,
,,,,,,,,,,,,,,,,,,,,,
,,,,,,,,,,,,,,,,,,,,,
,,,,,,,,,,,,,,,,,,,,,
,,,,,,,,,,,,,,,,,,,,,
,,,,,,,,,,,,,,,,,,,,,
,,,,,,,,,,,,,,,,,,,,,
,,,,,,,,,,,,,,,,,,,,,
,,,,,,,,,,,,,,,,,,,,,
,,,,,,,,,,,,,,,,,,,,,
,,,,,,,,,,,,,,,,,,,,,
,,,,,,,,,,,,,,,,,,,,,
