anonymous_id,received_at,product_id,total,revenue,discount,is_gift
13d9d32f-a11b-489e-9dda-740442d60961,11/1/2017 0:39,gordon-ramsay-teaches-cooking,90,90,0,f
47c79436-b6e8-4009-a5e4-b82a0a32e93b,11/1/2017 1:07,gordon-ramsay-teaches-cooking,90,90,0,f
83259ee8-4de6-4748-94a3-1f6646c9fd69,11/1/2017 1:45,shonda-rhimes-teaches-writing-for-television,90,90,0,f
c44ec613-e294-42c7-b1cf-26418190fd98,11/1/2017 2:43,gordon-ramsay-teaches-cooking,90,90,0,f
5016b713-1269-45bf-b868-e35db22c458a,11/1/2017 3:47,werner-herzog-teaches-filmmaking,90,90,0,f
aaa4688f-1ee9-41b6-a97d-955a4b5415e4,11/1/2017 4:28,gordon-ramsay-teaches-cooking,90,90,0,t
4cb7deba-3e70-496d-84c6-0d3b1938d825,11/1/2017 7:44,gordon-ramsay-teaches-cooking,90,90,0,f
ac0a2f84-5cbb-4a24-8f71-cc174f0e7fcd,11/1/2017 7:47,gordon-ramsay-teaches-cooking,90,90,0,f
e8593ba3-baa9-410c-ba33-769d551a641b,11/1/2017 8:46,gordon-ramsay-teaches-cooking,90,90,0,t
ccd99e4a-dd18-44a0-9767-f8479a21cfd3,11/1/2017 9:53,gordon-ramsay-teaches-cooking,90,90,0,f
fa62df89-6c53-41c8-b876-97ba56521a0f,11/1/2017 10:01,gordon-ramsay-teaches-cooking,90,90,0,t
762ef49d-382c-453f-907b-fcdbb5bd6f7e,11/1/2017 10:46,gordon-ramsay-teaches-cooking,90,90,0,f
eec5ec3f-b691-4353-aa9c-edb361324480,11/1/2017 10:49,gordon-ramsay-teaches-cooking,90,90,0,f
026d4992-e91c-403f-ad97-64d17d35dd24,11/1/2017 11:29,frank-gehry-teaches-design-and-architecture,90,90,0,f
56a3ebdd-8f38-4d28-bc91-3a1c04dfc7e9,11/1/2017 13:38,gordon-ramsay-teaches-cooking,90,90,0,f
00efe467-00ad-4ae2-9394-f0b78c808a23,11/1/2017 15:39,gordon-ramsay-teaches-cooking,90,90,0,t
9e7ae6d8-92f4-488f-b2c5-0c6d73c9b4b2,11/1/2017 15:51,gordon-ramsay-teaches-cooking,90,90,0,f
2dbbe344-98f3-4ff9-a0ac-2fcb36b120ba,11/1/2017 16:07,david-mamet-teaches-dramatic-writing,90,90,0,t
3234d93d-b38b-4725-8c90-bc7902ffefb7,11/1/2017 16:09,gordon-ramsay-teaches-cooking,90,90,0,t
2fa878ee-8c3f-475e-a383-336fd32268fb,11/1/2017 16:35,aaron-sorkin-teaches-screenwriting,90,90,0,f
3ca4ed20-2cdf-4235-800c-7b386012be69,11/1/2017 16:54,gordon-ramsay-teaches-cooking,90,90,0,f
925f9b8d-efc4-4221-a83b-ad576fad0683,11/1/2017 17:11,gordon-ramsay-teaches-cooking,90,90,0,f
28e5bdee-1731-423a-be7a-aef508bd94a2,11/1/2017 17:26,dustin-hoffman-teaches-acting,90,90,0,f
74cb9d0c-0686-492b-a921-1b1f2cd6d406,11/1/2017 17:42,martin-scorsese-teaches-filmmaking,90,90,0,t
ee3edfd5-cbb5-41a5-91be-12025a5d4f3b,11/1/2017 17:45,gordon-ramsay-teaches-cooking,90,90,0,t
3a487e4f-b0bf-4625-8612-1915f972e225,11/1/2017 18:00,jane-goodall-teaches-conservation,90,90,0,t
20b022df-5d19-4f4e-ab14-b47f95b6b3dc,11/1/2017 18:07,gordon-ramsay-teaches-cooking,90,90,0,t
786196ae-144c-474b-b526-2a8c1b100cb5,11/1/2017 19:00,garry-kasparov-teaches-chess,90,90,0,f
d900186e-5ed5-4a8d-ba08-11bb8148f5e8,11/1/2017 20:41,dustin-hoffman-teaches-acting,90,90,0,f
6555280d-165a-401e-8bbe-b57c661a704d,11/1/2017 21:37,james-patterson-teaches-writing,90,90,0,f
6555280d-165a-401e-8bbe-b57c661a704d,11/1/2017 21:37,samuel-l-jackson-teaches-acting,90,90,0,f
6555280d-165a-401e-8bbe-b57c661a704d,11/1/2017 21:37,herbie-hancock-teaches-jazz,90,90,0,f
31ca0358-0681-46ea-b8c6-b63a268c46ce,11/1/2017 21:54,gordon-ramsay-teaches-cooking,90,90,0,f
2a7290f8-fd62-498d-b6d8-1adb50398905,11/1/2017 22:18,gordon-ramsay-teaches-cooking,90,90,0,t
318fbeb6-3830-4f3c-88b3-6117563d8edb,11/1/2017 22:32,dustin-hoffman-teaches-acting,90,90,0,f
f31a7a5a-ebc6-4626-8cb9-928fc6d721b2,11/1/2017 22:43,gordon-ramsay-teaches-cooking,90,90,0,t
a842c335-815f-45ac-999f-84137e406278,11/1/2017 22:48,dustin-hoffman-teaches-acting,90,90,0,f
1c4c137f-73d5-432e-ab18-131aabad50dc,11/1/2017 23:05,gordon-ramsay-teaches-cooking,90,90,0,t
cb625938-a5fb-4a5c-aa3f-953fec0d9aa6,11/1/2017 23:27,deadmau5-teaches-electronic-music-production,87,87,0,f
62cd84a2-12c6-4126-b52d-7fff2a172850,11/2/2017 0:09,garry-kasparov-teaches-chess,90,90,0,f
45d158e5-2ff7-4aab-b6ad-70dcc27ebaa9,11/2/2017 0:33,gordon-ramsay-teaches-cooking,90,90,0,f
2b84594e-8cc4-415d-b49e-5778e73e90e2,11/2/2017 1:48,gordon-ramsay-teaches-cooking,90,90,0,f
4c1997b1-aa07-4613-8f71-b2b1e08bde99,11/2/2017 2:38,gordon-ramsay-teaches-cooking,90,90,0,f
45b7584a-ef44-435b-bb87-eefaa4773640,11/2/2017 3:05,dustin-hoffman-teaches-acting,90,90,0,f
07c4ca54-f085-4c59-80dc-098eae077a92,11/2/2017 3:10,gordon-ramsay-teaches-cooking,90,90,0,f
267aa6e0-06be-452e-a249-9909815e1eae,11/2/2017 3:48,garry-kasparov-teaches-chess,90,90,0,f
6403bf05-46a6-4974-93b2-e3ade01b713b,11/2/2017 4:09,aaron-sorkin-teaches-screenwriting,0,0,90,f
4dd70230-c295-4154-8454-f9e85e205204,11/2/2017 4:26,gordon-ramsay-teaches-cooking,90,90,0,f
6a97b56c-bfcb-4db3-9d51-1d4d1d4e3ff0,11/2/2017 11:15,gordon-ramsay-teaches-cooking,90,90,0,f
9c12bc37-22ea-4703-9f2a-e1994f5539f2,11/2/2017 12:23,gordon-ramsay-teaches-cooking,90,90,0,t
61101c94-c055-4746-b678-efbb6db4c410,11/2/2017 12:44,hans-zimmer-teaches-film-scoring,90,90,0,f
7a8e73a3-589e-4d8a-a824-b5cb507b5abb,11/2/2017 12:49,gordon-ramsay-teaches-cooking,90,90,0,f
2fa878ee-8c3f-475e-a383-336fd32268fb,11/2/2017 13:05,aaron-sorkin-teaches-screenwriting,90,90,0,t
2fa878ee-8c3f-475e-a383-336fd32268fb,11/2/2017 13:08,david-mamet-teaches-dramatic-writing,90,90,0,t
995a6508-b72f-44a7-ac2e-dba5e423585c,11/2/2017 14:14,diane-von-furstenberg-teaches-building-a-fashion-brand,0,0,90,f
e334cc50-69cf-4529-b62d-1e6c1e291f13,11/2/2017 15:15,gordon-ramsay-teaches-cooking,0,0,90,f
d64ce962-d36e-485c-a60a-e0467fb7464a,11/2/2017 15:26,gordon-ramsay-teaches-cooking,90,90,0,t
65543c4c-251b-4d10-a3cc-f445e7e1a28e,11/2/2017 16:56,aaron-sorkin-teaches-screenwriting,90,90,0,f
7fdaf07b-b2fa-4c78-b358-89e06ac3e641,11/2/2017 17:23,steve-martin-teaches-comedy,90,90,0,f
90fd74c0-3730-4bcf-a8a2-8f05f42f2538,11/2/2017 17:55,gordon-ramsay-teaches-cooking,90,90,0,f
f9f514fb-a24c-4747-a04d-6ecd3f01a7a1,11/2/2017 18:04,gordon-ramsay-teaches-cooking,90,90,0,t
f9f514fb-a24c-4747-a04d-6ecd3f01a7a1,11/2/2017 18:04,aaron-sorkin-teaches-screenwriting,90,90,0,t
f78bb21b-d0c3-49a6-be15-6eb5ba0d02ed,11/2/2017 18:08,gordon-ramsay-teaches-cooking,90,90,0,t
ef612106-e694-4cb1-a3c5-9272b07c29c4,11/2/2017 18:36,gordon-ramsay-teaches-cooking,90,90,0,f
992d5010-aa21-4fec-8188-1d1bcd3a7bf1,11/2/2017 18:37,steve-martin-teaches-comedy,90,90,0,f
97faf1a7-3dc1-4007-b4f4-d2bcd07ba76b,11/2/2017 18:59,david-mamet-teaches-dramatic-writing,90,90,0,f
7a8121aa-18a5-4533-9ca8-f417c015a316,11/2/2017 19:24,gordon-ramsay-teaches-cooking,90,90,0,t
2575fd8f-c966-4d53-af7b-fb6a14793c9f,11/2/2017 19:53,jane-goodall-teaches-conservation,90,90,0,f
1206f505-f364-42e7-861a-016df1ba12a5,11/2/2017 19:57,gordon-ramsay-teaches-cooking,90,90,0,t
b3b34197-0691-4392-8995-6790c91092ea,11/2/2017 20:01,frank-gehry-teaches-design-and-architecture,90,90,0,f
b3b34197-0691-4392-8995-6790c91092ea,11/2/2017 20:03,martin-scorsese-teaches-filmmaking,90,90,0,f
b3b34197-0691-4392-8995-6790c91092ea,11/2/2017 20:05,gordon-ramsay-teaches-cooking,90,90,0,f
b3b34197-0691-4392-8995-6790c91092ea,11/2/2017 20:07,shonda-rhimes-teaches-writing-for-television,90,90,0,f
6bba2664-2f60-4e34-aefa-aa1d1221d3d3,11/2/2017 20:25,dustin-hoffman-teaches-acting,90,90,0,f
d50d5ecc-0331-41e5-984d-75e796df01e1,11/2/2017 20:31,gordon-ramsay-teaches-cooking,90,90,0,t
b56c6cd4-4a54-426b-a23f-b01c0dba71b4,11/2/2017 21:16,gordon-ramsay-teaches-cooking,90,90,0,f
a1ffcf08-3956-493a-bb94-623b3e02534a,11/2/2017 21:31,gordon-ramsay-teaches-cooking,90,90,0,f
e9cde81a-690d-4034-8df8-106bd9d90d98,11/2/2017 23:39,gordon-ramsay-teaches-cooking,90,90,0,t
ba4c3c74-01ec-48e2-b40d-51fbe794ffdb,11/2/2017 23:59,gordon-ramsay-teaches-cooking,90,90,0,f
4b9bab09-637b-4e9f-b123-1e9b80db167c,11/3/2017 0:03,dustin-hoffman-teaches-acting,90,90,0,f
e4fe5f8d-f22b-411f-836a-34990037de4f,11/3/2017 0:16,aaron-sorkin-teaches-screenwriting,90,90,0,t
e4fe5f8d-f22b-411f-836a-34990037de4f,11/3/2017 0:16,werner-herzog-teaches-filmmaking,90,90,0,t
e4fe5f8d-f22b-411f-836a-34990037de4f,11/3/2017 0:17,gordon-ramsay-teaches-cooking,90,90,0,f
d8064250-b0ca-4e95-b81f-7f9996952689,11/3/2017 0:31,gordon-ramsay-teaches-cooking,90,90,0,f
50d2ee78-7bb7-4550-aec4-8ced852c25c2,11/3/2017 0:53,gordon-ramsay-teaches-cooking,90,90,0,f
a41132a6-8a7c-4d9f-b678-c68b999150b1,11/3/2017 0:57,gordon-ramsay-teaches-cooking,87,87,0,f
6cc55115-65a0-40b6-95d0-b9b0ee229ba9,11/3/2017 1:06,gordon-ramsay-teaches-cooking,87,87,0,t
f8bdbd00-5059-4fa5-8aa3-56ca9458b631,11/3/2017 1:15,gordon-ramsay-teaches-cooking,87,87,0,t
9b4e509f-1f13-4e20-b689-244cbe4e12cc,11/3/2017 1:16,gordon-ramsay-teaches-cooking,87,87,0,f
a5b5825d-87f6-42d0-92ce-5306804d684e,11/3/2017 1:19,gordon-ramsay-teaches-cooking,90,90,0,t
d59f4e7e-3d95-4757-b7d5-eba00a54fc16,11/3/2017 1:29,gordon-ramsay-teaches-cooking,90,90,0,f
68f186c0-2efd-4bb0-b808-dc3c8a5be87a,11/3/2017 1:54,gordon-ramsay-teaches-cooking,90,90,0,f
c6f493be-1c01-4b24-87d2-0398cc2179f6,11/3/2017 3:51,gordon-ramsay-teaches-cooking,90,90,0,f
b449de04-a5ba-43b4-a0a6-5896febcc580,11/3/2017 3:56,gordon-ramsay-teaches-cooking,90,90,0,f
cc4096e2-aa51-4ed4-bacd-785245465b79,11/3/2017 4:11,gordon-ramsay-teaches-cooking,90,90,0,f
9cacfa35-ecd2-4434-88a6-d926a9d71f75,11/3/2017 4:17,gordon-ramsay-teaches-cooking,90,90,0,t
447c5997-f6fd-4767-9654-fbb5ed9616cd,11/3/2017 5:30,gordon-ramsay-teaches-cooking,90,90,0,f
11e76836-f00f-4539-92e7-035d59104e13,11/3/2017 5:46,gordon-ramsay-teaches-cooking,90,90,0,f
7fa343e5-bc0f-4c2b-a4e0-783da2eff4cf,11/3/2017 5:50,gordon-ramsay-teaches-cooking,90,90,0,f
d55ef7c5-598c-4b10-9d23-e4f717f7f165,11/3/2017 6:57,gordon-ramsay-teaches-cooking,90,90,0,t
987a3b17-858d-419e-ac07-c41cc1101f34,11/3/2017 7:44,jane-goodall-teaches-conservation,90,90,0,f
1397a53a-d10c-42f3-9663-6b71dda354f2,11/3/2017 8:02,gordon-ramsay-teaches-cooking,90,90,0,f
df7d5481-a862-404b-940f-82efcf0ad688,11/3/2017 8:03,gordon-ramsay-teaches-cooking,90,90,0,t
8f9a9dff-ed55-4a1a-aee3-7b7783b4129a,11/3/2017 8:38,gordon-ramsay-teaches-cooking,90,90,0,f
b1687715-5f1b-45c6-97f8-9b7970eed6f7,11/3/2017 9:36,frank-gehry-teaches-design-and-architecture,90,90,0,f
84cb0bd3-c925-44a7-bb01-6ec513e4838f,11/3/2017 10:09,gordon-ramsay-teaches-cooking,90,90,0,t
04f01c7a-d641-44a7-9fae-64da92858965,11/3/2017 10:16,gordon-ramsay-teaches-cooking,90,90,0,t
ff00d7b8-684b-4cab-9027-5eb7505ec137,11/3/2017 10:48,gordon-ramsay-teaches-cooking,90,90,0,f
b7c06312-7ed8-43c4-ba22-7176febf5066,11/3/2017 10:54,dustin-hoffman-teaches-acting,90,90,0,t
244fb680-0cad-4a49-9cb4-043849775060,11/3/2017 11:01,gordon-ramsay-teaches-cooking,90,90,0,f
52f67583-fa20-496c-a63d-b0eab269e460,11/3/2017 11:34,jane-goodall-teaches-conservation,90,90,0,f
2487b54f-c2f6-446c-b45f-bfef513a9c5c,11/3/2017 12:09,gordon-ramsay-teaches-cooking,90,90,0,t
6fd74459-dc0b-4d13-9858-718fe38082c1,11/3/2017 13:24,gordon-ramsay-teaches-cooking,90,90,0,f
3e686ff4-49a4-4546-9ba9-14e887a12625,11/3/2017 13:30,gordon-ramsay-teaches-cooking,90,90,0,f
51406935-292b-45b1-b38f-4232842d671a,11/3/2017 13:57,gordon-ramsay-teaches-cooking,90,90,0,t
ead0ca4d-335b-460e-843c-3835cc7c0ca8,11/3/2017 14:04,gordon-ramsay-teaches-cooking,90,90,0,f
fed45c9f-8da0-4bfe-892d-75b3bcd5f102,11/3/2017 14:09,gordon-ramsay-teaches-cooking,90,90,0,f
6c8f96e4-d291-4541-873e-b1d4a48d5901,11/3/2017 15:31,gordon-ramsay-teaches-cooking,90,90,0,f
f62b1dee-be33-4cc9-b66b-11934e838975,11/3/2017 15:42,gordon-ramsay-teaches-cooking,90,90,0,f
de0e95ab-1a56-42f1-867e-4e7a18a7e746,11/3/2017 16:04,gordon-ramsay-teaches-cooking,90,90,0,t
5f0577ca-9882-422f-8060-f7991f5517aa,11/3/2017 16:12,gordon-ramsay-teaches-cooking,90,90,0,f
fcf65793-2ac5-4268-8194-4cc603be3f4c,11/3/2017 16:21,gordon-ramsay-teaches-cooking,90,90,0,f
b64cfda3-6bb0-4493-8c7c-2dd1f474cda8,11/3/2017 16:25,gordon-ramsay-teaches-cooking,90,90,0,t
e1506861-aa6a-4b5e-ad06-a6aac62fff01,11/3/2017 16:45,deadmau5-teaches-electronic-music-production,90,90,0,f
e1091eb9-749d-4596-aa5d-5b60334e9a76,11/3/2017 17:14,gordon-ramsay-teaches-cooking,90,90,0,f
0e505a69-91e2-42a0-9f60-85a5363db918,11/3/2017 17:42,gordon-ramsay-teaches-cooking,90,90,0,f
1ec4d9d1-408c-4bf7-b5ba-bb8d78391b14,11/3/2017 17:42,gordon-ramsay-teaches-cooking,90,90,0,f
05de8125-b920-4b2d-8448-628ba997c60c,11/3/2017 18:16,gordon-ramsay-teaches-cooking,90,90,0,f
15f88d07-b02f-4ac5-84c4-7475a9196815,11/3/2017 18:19,deadmau5-teaches-electronic-music-production,90,90,0,f
f73f9673-6663-44aa-b214-75ae2c9dcb45,11/3/2017 18:25,gordon-ramsay-teaches-cooking,90,90,0,f
c89c3cd3-1c8d-4349-9e56-808baada0481,11/3/2017 18:33,gordon-ramsay-teaches-cooking,90,90,0,f
a0717ab4-86b3-457a-a768-f49e2d74d9d0,11/3/2017 18:40,deadmau5-teaches-electronic-music-production,90,90,0,f
c37809c4-a4e4-4f68-8a12-8994bf0411d7,11/3/2017 18:58,gordon-ramsay-teaches-cooking,0,0,90,f
b5e45fa0-3997-4322-a716-1ed2fee2c27a,11/3/2017 19:27,deadmau5-teaches-electronic-music-production,90,90,0,f
70127db2-7093-4c02-8a4d-f5f6694a93f7,11/3/2017 19:34,gordon-ramsay-teaches-cooking,90,90,0,f
be18953e-f0b6-491a-bb7e-c2cb41c459f9,11/3/2017 19:58,gordon-ramsay-teaches-cooking,90,90,0,f
1edf4aed-bb42-4b6a-8460-ce9e18a0bfe8,11/3/2017 20:23,gordon-ramsay-teaches-cooking,90,90,0,t
5e1fee22-5c81-4218-856b-7f0dc0edec26,11/3/2017 20:45,gordon-ramsay-teaches-cooking,90,90,0,f
b4cd6176-3bad-4725-8fa6-fe807218a43d,11/3/2017 21:03,judy-blume-teaches-writing,90,90,0,f
aef0ca16-754f-4308-a628-2e5f9bb21910,11/3/2017 21:16,gordon-ramsay-teaches-cooking,90,90,0,t
cb272ee4-5d4b-4b1f-996c-0e4896e6b2c5,11/3/2017 22:12,gordon-ramsay-teaches-cooking,90,90,0,t
58510118-6461-4f50-bed9-c3921036d0b4,11/3/2017 22:16,serena-williams-teaches-tennis,90,90,0,f
b01f0d82-dd5c-4048-b38b-0529ea2447a3,11/3/2017 22:26,gordon-ramsay-teaches-cooking,90,90,0,f
2346530d-1162-4809-b85f-ef406f1641e2,11/3/2017 22:31,james-patterson-teaches-writing,90,90,0,f
e173c54c-e765-4763-a5dc-49df9f6c9a6a,11/3/2017 22:32,gordon-ramsay-teaches-cooking,90,90,0,f
5e48a1cd-7008-4c89-ad69-a463d207008d,11/3/2017 22:42,gordon-ramsay-teaches-cooking,87,87,0,t
49151b91-feab-4d8c-baa7-44cb2eee0d96,11/3/2017 22:52,steve-martin-teaches-comedy,90,90,0,f
0de34052-7ea0-4b08-8398-fc8ecac2a817,11/3/2017 23:35,gordon-ramsay-teaches-cooking,90,90,0,f
d1e72df2-820f-4e0f-9a98-a06862565d25,11/3/2017 23:41,gordon-ramsay-teaches-cooking,90,90,0,t
397ccd6c-fbd0-48b5-b9d9-b805000702f0,11/3/2017 23:55,gordon-ramsay-teaches-cooking,90,90,0,t
68c1ea4f-c2ca-47bb-9fb3-27ffdc2c4aae,11/3/2017 23:59,gordon-ramsay-teaches-cooking,90,90,0,f
d4ad239a-23af-47eb-b6f8-8e1d2f04e7eb,11/4/2017 0:01,steve-martin-teaches-comedy,0,0,90,f
12632e40-9f52-4f8b-a437-afae540e0934,11/4/2017 0:14,gordon-ramsay-teaches-cooking,90,90,0,f
d4ad239a-23af-47eb-b6f8-8e1d2f04e7eb,11/4/2017 0:21,frank-gehry-teaches-design-and-architecture,0,0,90,f
0a63b7c7-dd10-404c-b943-8f797666ff9e,11/4/2017 0:23,gordon-ramsay-teaches-cooking,90,90,0,f
1fe756dc-9ff7-4918-bd82-d5adb52e6cf7,11/4/2017 1:10,gordon-ramsay-teaches-cooking,90,90,0,f
6b7fa28c-9a62-4ba6-a9d3-4026f81cf54f,11/4/2017 1:28,gordon-ramsay-teaches-cooking,90,90,0,f
d00cff36-acc6-4cd9-b166-bac75f489c0a,11/4/2017 2:27,gordon-ramsay-teaches-cooking,90,90,0,t
368566b2-3b96-4190-bbc8-e20609e14ff4,11/4/2017 2:30,gordon-ramsay-teaches-cooking,90,90,0,f
fa6d64e3-553c-4bb3-be36-9a77ccb8f8fa,11/4/2017 2:54,gordon-ramsay-teaches-cooking,90,90,0,f
d8c55ee3-f903-416d-989b-260a1133ebe8,11/4/2017 3:21,gordon-ramsay-teaches-cooking,90,90,0,f
c374f613-c688-41d5-aa66-b68a12de6806,11/4/2017 4:58,frank-gehry-teaches-design-and-architecture,90,90,0,f
8df0b30a-024c-436f-9f85-53b80dda02c4,11/4/2017 6:02,gordon-ramsay-teaches-cooking,87,87,0,f
45f31986-353c-44c6-a6b9-cb79d853f1b8,11/4/2017 6:51,aaron-sorkin-teaches-screenwriting,90,90,0,f
c734537c-7659-4d9a-8b89-465e0ad9ea1d,11/4/2017 7:51,gordon-ramsay-teaches-cooking,90,90,0,f
3773d62c-35c5-4229-9262-20d38bcc1ba2,11/4/2017 8:46,deadmau5-teaches-electronic-music-production,90,90,0,f
deb8ffc7-42e7-43d9-b94b-0c85c17e1eb9,11/4/2017 9:49,martin-scorsese-teaches-filmmaking,90,90,0,f
c323c024-a2f4-46ac-a444-f41fb7839f06,11/4/2017 10:29,gordon-ramsay-teaches-cooking,90,90,0,f
25dea469-374b-4ffe-bde9-4214fba4b2af,11/4/2017 10:46,james-patterson-teaches-writing,90,90,0,f
1d3484c1-6026-47be-90b0-159f6395a64b,11/4/2017 10:51,gordon-ramsay-teaches-cooking,90,90,0,t
01e4ddf5-7ce8-46d4-8ce0-1473629a75d5,11/4/2017 11:10,gordon-ramsay-teaches-cooking,90,90,0,f
2346530d-1162-4809-b85f-ef406f1641e2,11/4/2017 11:15,usher-teaches-the-art-of-performance,90,90,0,f
6fbb574f-72e9-4183-8f10-133a62d2d94f,11/4/2017 11:17,gordon-ramsay-teaches-cooking,90,90,0,f
8bc21942-4b40-47b9-ba51-55170e2e79a1,11/4/2017 11:30,aaron-sorkin-teaches-screenwriting,90,90,0,f
2346530d-1162-4809-b85f-ef406f1641e2,11/4/2017 11:34,werner-herzog-teaches-filmmaking,90,90,0,f
2346530d-1162-4809-b85f-ef406f1641e2,11/4/2017 11:36,aaron-sorkin-teaches-screenwriting,90,90,0,f
2346530d-1162-4809-b85f-ef406f1641e2,11/4/2017 11:38,gordon-ramsay-teaches-cooking,90,90,0,f
052d9f43-906c-45d6-8403-99b12578323f,11/4/2017 12:48,gordon-ramsay-teaches-cooking,90,90,0,f
2ac7db5e-3fba-4035-9b6c-ccfb0286a681,11/4/2017 13:04,christina-aguilera-teaches-singing,90,90,0,f
b33c3745-085a-4625-8bc6-91621d1f1ea7,11/4/2017 13:17,gordon-ramsay-teaches-cooking,90,90,0,f
28d5d038-6714-421b-8bc8-8eef7c57e8b1,11/4/2017 13:29,gordon-ramsay-teaches-cooking,90,90,0,f
c65924d6-5796-4852-a662-13e2ec94bce6,11/4/2017 13:36,gordon-ramsay-teaches-cooking,90,90,0,f
a26cf027-3091-449c-b12e-da50dbd9c7c4,11/4/2017 13:42,dustin-hoffman-teaches-acting,0,0,90,f
36d6f07f-c837-4224-9c3f-c5a3dd90f87f,11/4/2017 13:54,gordon-ramsay-teaches-cooking,90,90,0,f
5d696c32-8f78-4381-b764-1b9387bab988,11/4/2017 14:01,gordon-ramsay-teaches-cooking,90,90,0,f
1a220c98-bfd3-4319-b18e-c70ac2ea7aa6,11/4/2017 14:09,gordon-ramsay-teaches-cooking,90,90,0,f
500cc609-32af-4e2b-b899-32f74b504ac3,11/4/2017 14:13,gordon-ramsay-teaches-cooking,90,90,0,t
0435e429-186e-40c3-8c62-ba6caf469f52,11/4/2017 14:16,gordon-ramsay-teaches-cooking,90,90,0,f
224d1efe-d89c-4249-9a74-2915f12d361a,11/4/2017 15:17,gordon-ramsay-teaches-cooking,90,90,0,f
e0152df5-7e80-4502-af0c-cac4247bbfbe,11/4/2017 15:24,gordon-ramsay-teaches-cooking,90,90,0,f
73931676-2b76-483c-ad5d-27ffc229fc3c,11/4/2017 15:24,gordon-ramsay-teaches-cooking,90,90,0,f
2d6bff9e-81a1-4427-8022-32cf0260c9b0,11/4/2017 15:33,jane-goodall-teaches-conservation,90,90,0,t
f71198db-c17a-44c0-85e8-6e76b95f50b4,11/4/2017 15:51,gordon-ramsay-teaches-cooking,90,90,0,f
ba25b161-adf2-47d5-9042-67bb62798c14,11/4/2017 16:19,gordon-ramsay-teaches-cooking,90,90,0,f
87e10c6d-6862-48b7-b86d-a0f44443d5e5,11/4/2017 16:30,gordon-ramsay-teaches-cooking,90,90,0,f
ea6e6922-c4a2-40e9-ab0a-26d2bc3d7b1e,11/4/2017 16:35,martin-scorsese-teaches-filmmaking,90,90,0,f
ea6e6922-c4a2-40e9-ab0a-26d2bc3d7b1e,11/4/2017 16:42,christina-aguilera-teaches-singing,90,90,0,f
49ef5834-788f-4d6e-86cb-d019a1811ce6,11/4/2017 16:42,gordon-ramsay-teaches-cooking,90,90,0,f
ea6e6922-c4a2-40e9-ab0a-26d2bc3d7b1e,11/4/2017 16:45,david-mamet-teaches-dramatic-writing,90,90,0,f
0e76fa52-de62-4d16-8af7-6c834dfcda8e,11/4/2017 16:57,gordon-ramsay-teaches-cooking,87,87,0,f
ea6e6922-c4a2-40e9-ab0a-26d2bc3d7b1e,11/4/2017 17:07,samuel-l-jackson-teaches-acting,90,90,0,f
ea6e6922-c4a2-40e9-ab0a-26d2bc3d7b1e,11/4/2017 17:11,usher-teaches-the-art-of-performance,90,90,0,f
ea6e6922-c4a2-40e9-ab0a-26d2bc3d7b1e,11/4/2017 17:16,james-patterson-teaches-writing,90,90,0,f
f3f8986e-81c5-463a-8dec-1f7d630b14f4,11/4/2017 17:25,diane-von-furstenberg-teaches-building-a-fashion-brand,90,90,0,f
9d96faf4-047f-45cf-86bd-a56f62f3aa21,11/4/2017 17:43,gordon-ramsay-teaches-cooking,90,90,0,f
df25b0ee-2c34-4d3d-82b4-fe3accee5736,11/4/2017 17:55,gordon-ramsay-teaches-cooking,90,90,0,f
0d57d62b-8bcc-4d5b-8242-566ed2d76f49,11/4/2017 18:08,gordon-ramsay-teaches-cooking,90,90,0,t
d200faec-2ff0-4f71-86fb-bcddcbd59187,11/4/2017 18:11,gordon-ramsay-teaches-cooking,87,87,0,f
083b0449-2827-4134-b9c5-49d340675212,11/4/2017 18:27,gordon-ramsay-teaches-cooking,90,90,0,f
65ee4c38-471a-4c7c-92d2-c370e1024959,11/4/2017 18:44,gordon-ramsay-teaches-cooking,90,90,0,t
3bc1e17b-30d0-4a52-aa46-8581465fcb57,11/4/2017 18:55,gordon-ramsay-teaches-cooking,90,90,0,f
1c43057d-3af2-44e2-9988-dc71709e23ec,11/4/2017 18:57,gordon-ramsay-teaches-cooking,87,87,0,t
c6b02de9-3b48-462a-ab56-d6d4ac06a5e6,11/4/2017 19:47,gordon-ramsay-teaches-cooking,87,87,0,f
fdf04818-9d18-4ea0-b505-4f14a5854d3d,11/4/2017 19:55,gordon-ramsay-teaches-cooking,90,90,0,f
7fe8498e-c184-4023-9b95-feb2b9899bb3,11/4/2017 20:03,steve-martin-teaches-comedy,90,90,0,t
ef66988f-ebf8-4b4c-b411-9bda2cb219a0,11/4/2017 20:10,gordon-ramsay-teaches-cooking,90,90,0,f
fdf04818-9d18-4ea0-b505-4f14a5854d3d,11/4/2017 20:11,werner-herzog-teaches-filmmaking,90,90,0,f
fdf04818-9d18-4ea0-b505-4f14a5854d3d,11/4/2017 20:29,jane-goodall-teaches-conservation,90,90,0,f
ce124bd9-4974-425c-b601-36dada215e9e,11/4/2017 20:33,dustin-hoffman-teaches-acting,90,90,0,f
fc05917a-714c-4844-ae2e-d2687b143a71,11/4/2017 20:39,gordon-ramsay-teaches-cooking,90,90,0,f
511a20d9-951d-4f70-971e-cc28ae949bd5,11/4/2017 20:39,judy-blume-teaches-writing,90,90,0,t
8283b283-b045-43aa-957f-37604ff73b3d,11/4/2017 20:59,samuel-l-jackson-teaches-acting,90,90,0,f
df6fb8d8-dbe5-4a84-83e0-1f188c148f6c,11/4/2017 21:32,gordon-ramsay-teaches-cooking,90,90,0,f
cfd8880d-6e83-48f3-bfc7-cbcbdca63575,11/4/2017 21:36,gordon-ramsay-teaches-cooking,90,90,0,f
91ed0cfb-0c90-45a4-9e80-08f89a3978b9,11/4/2017 21:44,christina-aguilera-teaches-singing,90,90,0,t
7bb977cf-bffd-4bef-a5ab-f8005db23089,11/4/2017 21:46,gordon-ramsay-teaches-cooking,90,90,0,f
91ed0cfb-0c90-45a4-9e80-08f89a3978b9,11/4/2017 21:47,aaron-sorkin-teaches-screenwriting,90,90,0,t
117147d0-07e7-4113-b62b-778ad739dc7c,11/4/2017 21:48,gordon-ramsay-teaches-cooking,90,90,0,f
8863290f-5241-4f51-8865-437a82998417,11/4/2017 21:51,gordon-ramsay-teaches-cooking,90,90,0,f
7bb977cf-bffd-4bef-a5ab-f8005db23089,11/4/2017 21:52,garry-kasparov-teaches-chess,90,90,0,f
2590b85e-8de4-499b-a339-8368399b36da,11/4/2017 22:43,steve-martin-teaches-comedy,90,90,0,f
75bf02f5-496e-4e84-907f-ed48a876af2c,11/4/2017 22:44,gordon-ramsay-teaches-cooking,90,90,0,t
a8400536-684a-4758-b37c-2a455a7d2139,11/4/2017 22:46,herbie-hancock-teaches-jazz,87,87,0,f
469c158c-19f3-4e9b-b15e-e510e927e688,11/4/2017 23:34,gordon-ramsay-teaches-cooking,90,90,0,f
b9165d48-f19e-4f4b-a10a-0e5994fef02c,11/4/2017 23:49,martin-scorsese-teaches-filmmaking,90,90,0,f
c53cac5b-6f7f-42f3-af05-aa9554918ae0,11/5/2017 0:12,gordon-ramsay-teaches-cooking,90,90,0,f
e639659f-e2bb-4d65-8ea4-b4477655d6b3,11/5/2017 0:19,gordon-ramsay-teaches-cooking,90,90,0,t
6b224e6e-8f1e-4879-a1ed-1eb5e8decdd3,11/5/2017 0:23,usher-teaches-the-art-of-performance,90,90,0,f
50a85acf-9762-465f-919e-dac4eb79d794,11/5/2017 0:45,gordon-ramsay-teaches-cooking,90,90,0,f
54b18e56-84c0-48db-bc47-894e6d77ae3d,11/5/2017 1:02,gordon-ramsay-teaches-cooking,90,90,0,t
e3c33c6b-2242-43e1-9154-b9a6ef445d1a,11/5/2017 1:09,gordon-ramsay-teaches-cooking,90,90,0,t
cee5d51e-0e8a-4273-a516-ad203ed0fbe3,11/5/2017 1:27,gordon-ramsay-teaches-cooking,90,90,0,f
c8c5ffae-7dde-4e44-a044-644dfbb69bf1,11/5/2017 1:30,gordon-ramsay-teaches-cooking,90,90,0,f
990ef237-4b60-4d6f-a642-202ac7b51136,11/5/2017 2:09,gordon-ramsay-teaches-cooking,90,90,0,f
3c945529-10ba-4993-be4f-903d9c9704c9,11/5/2017 2:30,gordon-ramsay-teaches-cooking,0,0,90,f
1aef82ba-933a-495e-a049-a812fc6ad3c5,11/5/2017 2:31,annual-pass,180,180,0,f
2770ca38-dcef-4608-931a-96c557e751d8,11/5/2017 2:40,gordon-ramsay-teaches-cooking,90,90,0,f
4c3be631-bd23-478b-83cf-ed4745c4d0bd,11/5/2017 2:58,gordon-ramsay-teaches-cooking,90,90,0,f
f703bb1a-1f2c-4f8f-b195-e7583918d281,11/5/2017 3:36,gordon-ramsay-teaches-cooking,90,90,0,f
0546afd6-155b-4cf7-a88e-0c8dc3b58612,11/5/2017 3:51,gordon-ramsay-teaches-cooking,90,90,0,f
90477453-8c23-421a-9f0c-79d57149477a,11/5/2017 4:08,gordon-ramsay-teaches-cooking,90,90,0,t
c54e60b4-9cbb-48ca-a6c4-b5bc68adfac3,11/5/2017 5:18,gordon-ramsay-teaches-cooking,90,90,0,f
6280bbd5-5d97-47c3-a0cb-068ad2b6d258,11/5/2017 5:33,annual-pass,180,180,0,f
585711ab-79cd-45b1-a4d6-dea843697aca,11/5/2017 6:01,gordon-ramsay-teaches-cooking,90,90,0,f
4ed7f696-d3ba-41ad-8199-c0e1183f9fa9,11/5/2017 6:21,gordon-ramsay-teaches-cooking,90,90,0,f
1d3dfbb6-0b15-4f0c-92aa-34e1978c3517,11/5/2017 6:25,deadmau5-teaches-electronic-music-production,90,90,0,f
8a4249d4-3a74-4d33-aa50-12922631e5a4,11/5/2017 6:32,martin-scorsese-teaches-filmmaking,90,90,0,f
79844732-d4a9-4ff1-b781-bbabc0540fed,11/5/2017 7:15,gordon-ramsay-teaches-cooking,90,90,0,f
355f953e-a0c8-4f1b-9877-bfb0b0d10691,11/5/2017 7:15,gordon-ramsay-teaches-cooking,90,90,0,t
313026ea-22f7-4b58-9cdf-5653d91699b3,11/5/2017 7:45,gordon-ramsay-teaches-cooking,87,87,0,f
959a1c88-9645-4b2f-b365-06b02a57a496,11/5/2017 8:08,gordon-ramsay-teaches-cooking,90,90,0,f
d84a9898-0360-4180-9929-889d53bb1a74,11/5/2017 8:27,martin-scorsese-teaches-filmmaking,90,90,0,t
d84a9898-0360-4180-9929-889d53bb1a74,11/5/2017 8:27,usher-teaches-the-art-of-performance,90,90,0,t
d84a9898-0360-4180-9929-889d53bb1a74,11/5/2017 8:27,gordon-ramsay-teaches-cooking,90,90,0,t
fc61c03a-0607-401f-a2ff-ece363f4c731,11/5/2017 9:09,gordon-ramsay-teaches-cooking,90,90,0,t
6b92b8de-c443-4144-9fee-95242a551aae,11/5/2017 9:28,herbie-hancock-teaches-jazz,90,90,0,f
1926989c-842e-4e21-a07f-e0fca8f7746b,11/5/2017 9:32,frank-gehry-teaches-design-and-architecture,90,90,0,f
0329f796-bfe2-4f1f-b567-cc41f654394a,11/5/2017 9:41,gordon-ramsay-teaches-cooking,87,87,0,f
9a367cf5-ec3f-4506-a588-cdc13df64847,11/5/2017 10:01,annual-pass,180,180,0,f
21f04d44-5a5c-4438-a1cc-23a917e2fd1e,11/5/2017 10:13,gordon-ramsay-teaches-cooking,90,90,0,f
fb50d32e-ae54-4321-a226-2abed3dd059f,11/5/2017 10:47,gordon-ramsay-teaches-cooking,90,90,0,t
4cb3d0aa-58a8-4c10-851b-b4eceacb64f9,11/5/2017 11:20,garry-kasparov-teaches-chess,90,90,0,f
235a653a-ee7d-4a85-8656-5012a2543166,11/5/2017 11:24,werner-herzog-teaches-filmmaking,90,90,0,t
8769a582-b90c-4f65-be9f-e22da8b2e4b7,11/5/2017 11:44,gordon-ramsay-teaches-cooking,90,90,0,t
23c9f8a1-7d65-468b-a0b1-325ca01e348d,11/5/2017 11:58,gordon-ramsay-teaches-cooking,90,90,0,f
146af639-a127-494d-9a1b-087230aeef10,11/5/2017 12:07,gordon-ramsay-teaches-cooking,90,90,0,f
0043e1a6-52e4-4012-b075-a0295c2e0e0b,11/5/2017 12:33,gordon-ramsay-teaches-cooking,90,90,0,f
c07f6b7d-e955-4e66-9f77-a33292123dd3,11/5/2017 13:10,gordon-ramsay-teaches-cooking,90,90,0,f
3e3d8399-502b-4ca2-83ad-659f834103d1,11/5/2017 13:30,annual-pass,180,180,0,f
08ddd8b3-624f-42ba-b9e9-a5a99b735165,11/5/2017 13:32,gordon-ramsay-teaches-cooking,90,90,0,f
0a4805e2-e194-4b87-8f95-b468f9221a8b,11/5/2017 13:36,annual-pass,180,180,0,f
b4b9523a-45cf-47e4-9b95-7bfe7e9f5bcc,11/5/2017 13:40,gordon-ramsay-teaches-cooking,90,90,0,f
98f1a4b8-1127-434f-a45b-bf8318ebee5b,11/5/2017 13:59,gordon-ramsay-teaches-cooking,90,90,0,f
c454f39e-e013-4c1d-80ac-ce2e78832d8c,11/5/2017 14:01,gordon-ramsay-teaches-cooking,87,87,0,t
67f66ad5-2717-4706-bb58-157602fa73b4,11/5/2017 14:08,annual-pass,180,180,0,f
2559aa94-28cb-4139-a01b-e802888167f6,11/5/2017 14:11,gordon-ramsay-teaches-cooking,90,90,0,f
9f03e517-f97b-4e32-a610-9434916af354,11/5/2017 14:14,gordon-ramsay-teaches-cooking,90,90,0,f
a478cd6e-d25f-4667-a853-7130a4873507,11/5/2017 14:47,gordon-ramsay-teaches-cooking,87,87,0,f
99775491-024e-4934-9758-cb09842cb6dc,11/5/2017 15:00,gordon-ramsay-teaches-cooking,90,90,0,f
6672f1db-2612-4f5c-8788-eb441a0575f8,11/5/2017 15:09,gordon-ramsay-teaches-cooking,90,90,0,f
782297a1-e89b-4701-b2a6-164856b538fc,11/5/2017 15:11,gordon-ramsay-teaches-cooking,90,90,0,f
599172fd-c1e5-486c-bff2-38d91597187f,11/5/2017 15:15,gordon-ramsay-teaches-cooking,87,87,0,t
789df8a1-8903-4dcb-8e2d-902fcb29a974,11/5/2017 15:22,gordon-ramsay-teaches-cooking,90,90,0,f
feb5701a-2abf-40e5-bc13-83e42e163454,11/5/2017 15:22,gordon-ramsay-teaches-cooking,90,90,0,f
1a220c98-bfd3-4319-b18e-c70ac2ea7aa6,11/5/2017 15:46,annual-pass,90,90,0,f
de747c7a-bea8-4d2c-a68c-cf44a24f4b81,11/5/2017 15:52,gordon-ramsay-teaches-cooking,90,90,0,f
8f6482e0-d1a1-4ef0-b773-c8e675fcbaf1,11/5/2017 15:55,gordon-ramsay-teaches-cooking,90,90,0,f
7393b5c3-40e1-4b0c-94cb-0ef5e1cbd6f0,11/5/2017 15:59,gordon-ramsay-teaches-cooking,90,90,0,t
76540c32-3d22-46a9-8272-c64b511c6e02,11/5/2017 16:09,dustin-hoffman-teaches-acting,90,90,0,t
1050c065-6ddc-463c-a3a6-417ed8b98db6,11/5/2017 16:15,gordon-ramsay-teaches-cooking,90,90,0,t
1b061018-e606-4918-95b0-c557d1448766,11/5/2017 16:20,gordon-ramsay-teaches-cooking,90,90,0,f
0ff5886a-7db8-4bdc-bca7-bcd8a044a687,11/5/2017 16:27,gordon-ramsay-teaches-cooking,0,0,90,f
1ac96648-3d0c-4bd2-a8ea-7e6467af4193,11/5/2017 16:40,annual-pass,180,180,0,f
740a7e34-9439-45a0-8e77-33948f3c813b,11/5/2017 16:43,gordon-ramsay-teaches-cooking,90,90,0,f
6a8ea64e-4cfa-45d5-9dc8-cf4e3d8da7e3,11/5/2017 16:47,gordon-ramsay-teaches-cooking,90,90,0,f
e690aca6-8d2c-4120-8cce-9dbb1f2657c2,11/5/2017 17:05,gordon-ramsay-teaches-cooking,90,90,0,t
e690aca6-8d2c-4120-8cce-9dbb1f2657c2,11/5/2017 17:08,gordon-ramsay-teaches-cooking,90,90,0,t
e57c2ee8-9f5d-4a2e-bcd9-7a1ef9ae388d,11/5/2017 17:08,gordon-ramsay-teaches-cooking,90,90,0,f
2d811687-f551-4565-9649-267be9325842,11/5/2017 17:13,gordon-ramsay-teaches-cooking,90,90,0,f
43800696-fcff-47b1-b7c6-7bf7e24aa955,11/5/2017 17:17,gordon-ramsay-teaches-cooking,90,90,0,t
51c651dc-9531-4dfc-a87d-147096f225cf,11/5/2017 17:25,gordon-ramsay-teaches-cooking,90,90,0,f
4a01d096-ab5f-4892-b43e-2bea754c7197,11/5/2017 17:28,gordon-ramsay-teaches-cooking,90,90,0,f
08ecd0a4-f254-42a0-a2b5-0b11666df3ba,11/5/2017 17:32,judy-blume-teaches-writing,90,90,0,f
fe01541a-9e48-4436-a0e5-84885fe3adba,11/5/2017 17:39,gordon-ramsay-teaches-cooking,90,90,0,f
efe01ede-9831-4916-af0e-a5d95c283592,11/5/2017 17:54,annual-pass,180,180,0,f
c13849c1-10d4-4d0c-be2e-3e7d4f2a5bca,11/5/2017 18:04,gordon-ramsay-teaches-cooking,90,90,0,f
d3518ac2-356e-4e4e-afae-5b52730fa425,11/5/2017 18:04,annual-pass,180,180,0,f
5c2ec123-a4fb-468b-9371-cadcd98436a0,11/5/2017 18:17,gordon-ramsay-teaches-cooking,87,87,0,f
85169b7e-e9c7-4d0a-b77a-06ded635e97e,11/5/2017 18:27,annual-pass,180,180,0,f
c5c3ce02-e741-4ceb-92e4-15367522ef1e,11/5/2017 18:29,gordon-ramsay-teaches-cooking,90,90,0,f
19299a80-6e4d-4cec-b332-b4d13558a7f8,11/5/2017 18:30,shonda-rhimes-teaches-writing-for-television,90,90,0,f
bb78f146-e1ab-413c-9d4f-68e70452721a,11/5/2017 18:30,annual-pass,180,180,0,f
36f42a6b-4bdd-4328-9c25-af85578e4b8e,11/5/2017 18:33,gordon-ramsay-teaches-cooking,90,90,0,f
c1fe725c-936c-4426-a675-a911e30f537f,11/5/2017 18:50,gordon-ramsay-teaches-cooking,90,90,0,t
2d1ee3cf-b9fb-4bc4-b192-856b76349fe1,11/5/2017 18:53,martin-scorsese-teaches-filmmaking,90,90,0,f
25b37ad5-5682-4581-9f8b-e544a9afccb0,11/5/2017 18:55,gordon-ramsay-teaches-cooking,90,90,0,f
756bc355-5d94-4a9a-80eb-e4b7e6f1818f,11/5/2017 18:58,gordon-ramsay-teaches-cooking,90,90,0,f
4ffcb449-7350-42d7-b69c-fed991483a59,11/5/2017 19:08,gordon-ramsay-teaches-cooking,90,90,0,f
3b6432ce-872d-4ac7-96f1-26db064d8aed,11/5/2017 19:14,gordon-ramsay-teaches-cooking,90,90,0,t
37567ca2-2951-4e88-9f3b-5224380b195a,11/5/2017 19:18,gordon-ramsay-teaches-cooking,90,90,0,f
56f14344-5be1-47fd-96ff-62db81e2434c,11/5/2017 19:24,garry-kasparov-teaches-chess,90,90,0,f
cd8c55b5-57db-4a15-b8fe-df447392c7ff,11/5/2017 19:33,gordon-ramsay-teaches-cooking,90,90,0,t
3f33a86a-4a7d-4614-a803-1c9ff199b99f,11/5/2017 19:40,serena-williams-teaches-tennis,90,90,0,t
64374e03-41fd-4b4a-b83d-52e1cb06d150,11/5/2017 19:54,gordon-ramsay-teaches-cooking,90,90,0,t
e86ab84e-b1a4-4e9b-a714-fa8340453f35,11/5/2017 20:00,gordon-ramsay-teaches-cooking,87,87,0,t
f22b086f-28e9-48ac-9772-83998cb1a52a,11/5/2017 20:02,gordon-ramsay-teaches-cooking,90,90,0,f
4988cd72-dddb-44f0-bf7e-7e9a5eac3612,11/5/2017 20:06,annual-pass,180,180,0,f
ba4370b9-b246-47de-9ca2-9c9b3b3c60f8,11/5/2017 20:19,gordon-ramsay-teaches-cooking,90,90,0,f
ba4370b9-b246-47de-9ca2-9c9b3b3c60f8,11/5/2017 20:20,gordon-ramsay-teaches-cooking,90,90,0,t
3f33a86a-4a7d-4614-a803-1c9ff199b99f,11/5/2017 20:20,steve-martin-teaches-comedy,90,90,0,t
3ed0753f-1460-4331-a6c9-5eae674fc75c,11/5/2017 20:34,gordon-ramsay-teaches-cooking,90,90,0,f
c06701ef-326d-4202-8162-18daf1e3219c,11/5/2017 20:36,gordon-ramsay-teaches-cooking,90,90,0,f
b203468d-40e2-4d0d-9665-0c47aa10483e,11/5/2017 20:37,annual-pass,180,180,0,f
cc6fded4-019d-41e1-8466-c4b087026c5f,11/5/2017 20:51,gordon-ramsay-teaches-cooking,90,90,0,f
970767a3-db96-4e70-82cb-5ae87fe81350,11/5/2017 20:53,gordon-ramsay-teaches-cooking,90,90,0,f
08582edc-4fe0-4b0b-b3d6-d70339088465,11/5/2017 21:04,david-mamet-teaches-dramatic-writing,90,90,0,f
c147fb38-db14-43eb-933a-95b70e5e918e,11/5/2017 21:15,annual-pass,180,180,0,f
2a9b6992-ffcf-4679-8520-9449c5b58879,11/5/2017 21:29,gordon-ramsay-teaches-cooking,90,90,0,f
276d40a2-d230-4205-b90a-2702d37f17b2,11/5/2017 21:29,gordon-ramsay-teaches-cooking,90,90,0,f
204fc78f-e926-4e8e-b824-f121ea6ecf78,11/5/2017 21:38,gordon-ramsay-teaches-cooking,87,87,0,f
9b236036-0401-4664-a1d4-b25705e856c6,11/5/2017 22:10,annual-pass,180,180,0,f
976d392a-889e-4ebc-9b92-44a1c0f964a4,11/5/2017 22:22,annual-pass,180,180,0,f
b89c24ec-2099-4cc2-bcb4-56b7037a91f0,11/5/2017 22:35,gordon-ramsay-teaches-cooking,90,90,0,f
a584004b-8a09-4959-acab-de4794b6dc58,11/5/2017 22:41,annual-pass,0,0,0,f
7d32ca58-9e3d-4141-bcbd-d3f9b92d0d41,11/5/2017 23:34,annual-pass,180,180,0,f
0ef7c319-9f86-43c0-bd6c-b8c84edcdba2,11/5/2017 23:52,gordon-ramsay-teaches-cooking,90,90,0,f
15bd16d7-8fa9-4886-a2a3-8c5d9291f778,11/5/2017 23:58,gordon-ramsay-teaches-cooking,90,90,0,f
d0d3e205-0e0d-498d-88b3-64c4032387bf,11/6/2017 0:11,gordon-ramsay-teaches-cooking,90,90,0,f
bdbb8da7-f27c-487e-88f9-551d05334650,11/6/2017 0:34,annual-pass,180,180,0,f
929adec2-bdf1-40f0-8301-a7661a9be1c0,11/6/2017 0:53,annual-pass,180,180,0,f
8b32fab3-ccb4-4e77-8a39-cad965a93ef3,11/6/2017 0:56,gordon-ramsay-teaches-cooking,87,87,0,f
17bf5153-4652-493c-a407-b5d2923e0ab7,11/6/2017 1:10,annual-pass,180,180,0,f
1668688d-a3e1-441b-bf37-4c33b999cebf,11/6/2017 1:12,werner-herzog-teaches-filmmaking,90,90,0,f
31bf9efa-0fb3-4455-96eb-1f640fc7018c,11/6/2017 1:21,annual-pass,180,180,0,f
207f15ff-6b2c-41dd-b517-c2266a75c3ac,11/6/2017 1:22,annual-pass,180,180,0,f
c7b48cc6-845c-4dce-ad00-e00e2595c395,11/6/2017 1:26,annual-pass,180,180,0,f
0070f782-29f4-4123-a445-d10056f44e23,11/6/2017 1:46,annual-pass,180,180,0,f
7e02a109-ab55-42b3-9bb9-9d85d837504b,11/6/2017 1:46,gordon-ramsay-teaches-cooking,90,90,0,t
19ed2279-1383-4efc-84f8-d94023b96401,11/6/2017 1:53,gordon-ramsay-teaches-cooking,90,90,0,t
baecf819-e76d-4624-8d44-85370beed742,11/6/2017 2:43,masterclass,90,90,0,t
20081c0b-bb0b-443c-a973-dd5b82d6c04f,11/6/2017 2:51,annual-pass,180,180,0,f
fa30bf6c-149a-4dae-b83d-1594bd7c2105,11/6/2017 3:00,gordon-ramsay-teaches-cooking,90,90,0,f
f5c3e0f0-2ca4-4af7-879e-63523d466836,11/6/2017 3:03,gordon-ramsay-teaches-cooking,0,0,90,f
f5c3e0f0-2ca4-4af7-879e-63523d466836,11/6/2017 3:06,deadmau5-teaches-electronic-music-production,0,0,90,f
af5f280b-e9e3-4c50-a3a8-8c369eacf8f8,11/6/2017 3:09,gordon-ramsay-teaches-cooking,90,90,0,f
7414810d-8d8d-4c42-b13e-f1b0f86ab36a,11/6/2017 3:17,annual-pass,180,180,0,f
d3200d8e-b2c7-40f4-8629-73c4486ab3cc,11/6/2017 3:21,gordon-ramsay-teaches-cooking,87,87,0,f
81574091-5253-491a-9363-52bc56d74871,11/6/2017 3:34,annual-pass,180,180,0,f
2e5dc2a4-e1bb-4f7b-93f0-d49a361b8168,11/6/2017 4:05,gordon-ramsay-teaches-cooking,90,90,0,f
2fd1e178-878d-43c5-9843-90412c552155,11/6/2017 4:35,annual-pass,0,0,0,f
7c829032-b06c-4988-87a8-5b4ace2f3c25,11/6/2017 4:56,annual-pass,180,180,0,f
dc602635-add0-43af-ad8a-17df73438b99,11/6/2017 6:07,annual-pass,90,90,0,f
7cde2e15-859f-4fdd-ad8d-fc87469ed9cf,11/6/2017 6:29,annual-pass,180,180,0,f
adcab8e8-8f76-4e0e-9435-54ac3dd0c60b,11/6/2017 6:31,jane-goodall-teaches-conservation,90,90,0,t
3f33a86a-4a7d-4614-a803-1c9ff199b99f,11/6/2017 6:41,gordon-ramsay-teaches-cooking,90,90,0,t
7948b217-e6b5-4e95-b77d-44b7a9f4966b,11/6/2017 6:42,gordon-ramsay-teaches-cooking,90,90,0,f
934f98ae-713f-49ac-a315-16a7d50f9d68,11/6/2017 7:04,annual-pass,180,180,0,f
a03ae9e5-9284-4d3d-b674-6d17160d849c,11/6/2017 7:42,gordon-ramsay-teaches-cooking,90,90,0,f
a6cc5225-9ec4-45cd-bf20-ca4d5907d53d,11/6/2017 8:10,martin-scorsese-teaches-filmmaking,0,0,90,f
60596b9a-3dea-49c0-a309-b9c96270934e,11/6/2017 9:01,annual-pass,0,0,0,f
1e9c45bd-f2d3-4848-bf10-dd2379e13964,11/6/2017 9:36,gordon-ramsay-teaches-cooking,90,90,0,f
7aa8d53a-a1dc-4ccd-83b1-b7d335c3975f,11/6/2017 9:36,gordon-ramsay-teaches-cooking,90,90,0,t
d1247b17-17bd-4784-b963-1ffeda6f1f67,11/6/2017 10:17,annual-pass,90,90,0,f
d4695716-f3ce-4701-9f90-25baa19ba322,11/6/2017 10:38,annual-pass,0,0,0,f
06825905-018e-4508-8a0a-613a83b8a1a7,11/6/2017 10:57,annual-pass,180,180,0,f
da64827c-c763-4020-9d2d-4d59a7dd4e3b,11/6/2017 11:06,annual-pass,90,90,0,f
3f9e0909-46ba-4656-b994-56f6e3923cc0,11/6/2017 11:11,annual-pass,180,180,0,f
54aab12e-148d-41d6-8084-6357bd1920d4,11/6/2017 11:27,annual-pass,0,0,0,f
bbc275e0-aa78-4c31-85f7-d872987fed57,11/6/2017 11:42,annual-pass,180,180,0,f
26618051-30d0-4cfc-b73f-abd0a3eb330f,11/6/2017 12:20,gordon-ramsay-teaches-cooking,90,90,0,t
eb23a216-9ebf-4f0d-a406-a029f711b77e,11/6/2017 12:43,gordon-ramsay-teaches-cooking,90,90,0,f
b199a1d0-7948-41e4-9721-6a1c776e2b70,11/6/2017 13:12,gordon-ramsay-teaches-cooking,90,90,0,f
e18f2647-37a1-436a-a545-eca3595cb786,11/6/2017 13:36,gordon-ramsay-teaches-cooking,90,90,0,t
30d42315-87e9-40c6-a8ff-724c3aa5ae4f,11/6/2017 14:26,gordon-ramsay-teaches-cooking,90,90,0,t
008aa58a-84a5-4dae-bdda-246f8effc175,11/6/2017 14:39,hans-zimmer-teaches-film-scoring,90,90,0,t
ac579b52-a45b-4ce7-b5ed-d9c0646d85f1,11/6/2017 15:09,gordon-ramsay-teaches-cooking,87,87,0,t
0dbb6ae2-ec22-4773-9608-bd6e617a3544,11/6/2017 16:00,gordon-ramsay-teaches-cooking,90,90,0,t
db2a5d68-078b-4980-a66b-4ebf9aee34cb,11/6/2017 16:03,annual-pass,180,180,0,f
282721dc-31a7-4fe7-b529-55f4ea4d2905,11/6/2017 16:13,gordon-ramsay-teaches-cooking,90,90,0,t
3f2b8d09-54ab-4971-a30e-4dcb30c80bc4,11/6/2017 16:14,gordon-ramsay-teaches-cooking,90,90,0,t
ca1d69f8-03be-4e27-bea4-20db5f186b9f,11/6/2017 16:40,gordon-ramsay-teaches-cooking,90,90,0,t
7b050f51-d3a4-4316-ac87-f34927856d80,11/6/2017 16:55,gordon-ramsay-teaches-cooking,90,90,0,f
e67bedce-e50f-4b10-a300-1d28fdf0c6ec,11/6/2017 16:55,gordon-ramsay-teaches-cooking,90,90,0,f
90cb4984-ce95-4074-b8b3-cc182fff8223,11/6/2017 17:09,gordon-ramsay-teaches-cooking,90,90,0,t
d4ad239a-23af-47eb-b6f8-8e1d2f04e7eb,11/6/2017 17:35,samuel-l-jackson-teaches-acting,0,0,90,f
d4ad239a-23af-47eb-b6f8-8e1d2f04e7eb,11/6/2017 17:38,gordon-ramsay-teaches-cooking,0,0,90,f
d4ad239a-23af-47eb-b6f8-8e1d2f04e7eb,11/6/2017 17:40,david-mamet-teaches-dramatic-writing,0,0,90,f
ca54b72a-a7c5-4c37-81b1-bd551151f9a8,11/6/2017 17:42,gordon-ramsay-teaches-cooking,90,90,0,f
93ed7025-82f9-44a2-a460-2fb94bf3f620,11/6/2017 17:44,gordon-ramsay-teaches-cooking,90,90,0,t
2eea3be0-7bad-4e2e-84b1-a2da8523f2cb,11/6/2017 17:59,aaron-sorkin-teaches-screenwriting,90,90,0,t
5b87b6cf-5a92-4524-8592-508d65ec20f7,11/6/2017 18:03,gordon-ramsay-teaches-cooking,90,90,0,f
62004310-c715-4dd7-901f-239aa9687289,11/6/2017 18:04,annual-pass,0,0,0,f
40efc827-cbbf-4ddd-b7a5-ad956b1bbe50,11/6/2017 18:16,gordon-ramsay-teaches-cooking,90,90,0,t
49a20045-0cbf-478c-9242-68fce586986f,11/6/2017 18:36,gordon-ramsay-teaches-cooking,90,90,0,f
7c350caf-8c16-4517-8006-8b2265b81d69,11/6/2017 18:54,gordon-ramsay-teaches-cooking,90,90,0,f
6457fe75-d885-4b85-b4cf-5d4d7d65dcd7,11/6/2017 18:56,gordon-ramsay-teaches-cooking,90,90,0,f
f46adc32-fd06-4662-9d92-c3146ec70d77,11/6/2017 19:01,james-patterson-teaches-writing,90,90,0,f
a6f450e2-87f7-4e28-beed-ea667fbbe369,11/6/2017 19:14,annual-pass,180,180,0,f
fcbf8ce7-e7b2-4461-aece-b1be328fdcc4,11/6/2017 19:26,annual-pass,180,180,0,f
f45d428b-7048-4536-a04a-7bf2ba7efa16,11/6/2017 19:35,gordon-ramsay-teaches-cooking,90,90,0,t
8a7d6916-a8d7-4305-a5ac-b90ec7601058,11/6/2017 19:49,annual-pass,180,180,0,f
a6cc5225-9ec4-45cd-bf20-ca4d5907d53d,11/6/2017 19:54,gordon-ramsay-teaches-cooking,0,0,90,f
805581c7-5d8d-4f93-9211-c5c9f535e09b,11/6/2017 20:04,gordon-ramsay-teaches-cooking,90,90,0,f
16dbf3c3-9f9a-4acf-973f-a75bd822a898,11/6/2017 20:17,annual-pass,90,90,0,f
e0def0e5-af4e-47cc-81f1-5e223da2c9d7,11/6/2017 20:17,annual-pass,0,0,0,f
a7a70fa5-55d1-4b3d-9521-459f2bf5bdc1,11/6/2017 20:23,annual-pass,180,180,0,f
59c664ab-d451-4d06-a06d-655305796b85,11/6/2017 20:33,gordon-ramsay-teaches-cooking,90,90,0,f
a7a70fa5-55d1-4b3d-9521-459f2bf5bdc1,11/6/2017 20:38,gordon-ramsay-teaches-cooking,90,90,0,f
82bd27c7-428b-4f17-89ef-88315a151dda,11/6/2017 20:43,annual-pass,180,180,0,f
44fdcd5d-b34b-464b-92ee-3d188e9b250b,11/6/2017 20:48,annual-pass,0,0,0,f
9fb4a1f1-6f20-40f7-a422-c51fcf8c7d54,11/6/2017 21:10,gordon-ramsay-teaches-cooking,90,90,0,f
f2c7e4a2-d225-4c4c-b46c-3c9d350e5e87,11/6/2017 21:15,gordon-ramsay-teaches-cooking,90,90,0,f
2287b5ba-1e75-4ce9-812c-d34857839883,11/6/2017 21:16,gordon-ramsay-teaches-cooking,90,90,0,f
c743c584-f9fd-4904-9eaf-33ce930efdb3,11/6/2017 21:20,gordon-ramsay-teaches-cooking,90,90,0,f
c81526b0-8f95-4232-aa14-8b1bf8ca1498,11/6/2017 21:23,annual-pass,180,180,0,f
42482411-9d3c-4af6-8b81-e865cbdbe465,11/6/2017 21:28,gordon-ramsay-teaches-cooking,90,90,0,t
53206549-67de-4a1e-892c-56ea5bcdc464,11/6/2017 21:40,gordon-ramsay-teaches-cooking,90,90,0,t
3bc4b8c0-9590-442f-ad79-82e76ce01f23,11/6/2017 21:48,annual-pass,180,180,0,f
beef8906-c25a-45ec-80ca-14e2b2beb715,11/6/2017 22:10,gordon-ramsay-teaches-cooking,90,90,0,f
679999b3-c5ca-4eec-9ad0-98d95f4328be,11/6/2017 22:11,gordon-ramsay-teaches-cooking,90,90,0,t
f83f9388-21f2-4f1e-9c86-d3d2e14b65d4,11/6/2017 22:14,gordon-ramsay-teaches-cooking,87,87,0,f
082536db-0e1f-4e47-8803-b738d9e75773,11/6/2017 22:18,gordon-ramsay-teaches-cooking,90,90,0,f
167a7de1-838e-47fe-bc69-e19f49641ba2,11/6/2017 22:20,annual-pass,0,0,0,f
dac33a95-3350-4b3f-986f-e5f70a74007c,11/6/2017 22:33,gordon-ramsay-teaches-cooking,90,90,0,f
adf88cfc-57f5-4b88-aed4-23fb5dcaff8f,11/6/2017 22:37,gordon-ramsay-teaches-cooking,90,90,0,t
5375b33e-24b2-4bc1-a749-102893b68409,11/7/2017 0:17,gordon-ramsay-teaches-cooking,90,90,0,t
be5dcdd1-2a5b-48df-a4f6-476ecfd8813a,11/7/2017 0:35,gordon-ramsay-teaches-cooking,90,90,0,f
53498b42-63f8-49e4-bdd3-2e42b8c55758,11/7/2017 0:48,gordon-ramsay-teaches-cooking,90,90,0,t
97faf1a7-3dc1-4007-b4f4-d2bcd07ba76b,11/7/2017 0:59,annual-pass,0,0,0,f
b139e9b3-20f8-4644-80e1-2dd62b804ec0,11/7/2017 1:19,gordon-ramsay-teaches-cooking,90,90,0,f
edf6d6b6-dbe8-49c5-ae2c-c8353b57c214,11/7/2017 1:21,gordon-ramsay-teaches-cooking,90,90,0,f
966047d6-48e7-4974-a02e-285818ac38be,11/7/2017 1:39,gordon-ramsay-teaches-cooking,87,87,0,t
9ae9c5e3-92c7-4a33-bcf3-5f9296134f7b,11/7/2017 1:49,annual-pass,0,0,0,f
5707e5e2-9940-4c84-847c-c5b9d3ab940c,11/7/2017 1:56,gordon-ramsay-teaches-cooking,90,90,0,f
37f02a84-8d56-42bc-af2a-3dbae4857467,11/7/2017 2:00,gordon-ramsay-teaches-cooking,90,90,0,t
80c8382d-591c-4899-890c-8de9420b4f97,11/7/2017 2:25,gordon-ramsay-teaches-cooking,90,90,0,f
4c57bfac-fdd3-49e7-a518-ad28ec3be04b,11/7/2017 2:41,gordon-ramsay-teaches-cooking,0,0,90,f
8d32bd56-e4a5-4968-8768-5ba6554995fd,11/7/2017 2:45,gordon-ramsay-teaches-cooking,90,90,0,f
e61fa505-8543-4786-ad51-9c082451be13,11/7/2017 3:49,gordon-ramsay-teaches-cooking,90,90,0,f
6b67ca23-abea-4e90-b500-1e8a159772d8,11/7/2017 4:22,garry-kasparov-teaches-chess,90,90,0,f
5f57a278-ef3f-4d22-a9ea-7a40bcd0288b,11/7/2017 4:38,gordon-ramsay-teaches-cooking,90,90,0,t
ae7b0bda-34de-4d3d-a19b-fea94700d6ad,11/7/2017 6:30,annual-pass,90,90,0,f
adca44a9-e982-405e-940c-f49485a2feae,11/7/2017 7:34,james-patterson-teaches-writing,90,90,0,f
72e24a06-fa51-4ab0-ae9a-b96c8de05802,11/7/2017 7:57,gordon-ramsay-teaches-cooking,90,90,0,f
d947623e-af86-4b62-9f0f-fa6b0f3a9c62,11/7/2017 9:01,annual-pass,180,180,0,f
0240775e-e7cc-46f1-9992-6e12b2a7dc64,11/7/2017 9:10,gordon-ramsay-teaches-cooking,90,90,0,f
b69ada0d-259e-487d-a880-a31ffcc74765,11/7/2017 10:18,annual-pass,180,180,0,f
9413585e-1c7d-4e74-ac9a-323815672261,11/7/2017 11:33,annual-pass,180,180,0,f
c7018a2c-0187-4caf-b95a-4dd44b2bc9bc,11/7/2017 11:44,gordon-ramsay-teaches-cooking,90,90,0,f
57da92a2-7aaa-4a06-abe8-a9561177db75,11/7/2017 11:46,deadmau5-teaches-electronic-music-production,90,90,0,f
9a145a71-5758-49f0-89c2-11ce5382b38f,11/7/2017 11:49,annual-pass,180,180,0,f
3189e54c-a9c0-462b-8e2c-b9f9de915c33,11/7/2017 11:53,gordon-ramsay-teaches-cooking,90,90,0,t
f9724908-15e4-435d-9cd5-721dce258813,11/7/2017 12:29,gordon-ramsay-teaches-cooking,90,90,0,t
1f59c80c-095f-42df-bc73-1873aff3874b,11/7/2017 13:00,gordon-ramsay-teaches-cooking,90,90,0,f
b6d1f6b7-b14f-4427-9c9f-0159a7773840,11/7/2017 13:14,gordon-ramsay-teaches-cooking,90,90,0,f
158e4ddb-7ae6-4d1b-9cf0-9405a872feba,11/7/2017 13:36,gordon-ramsay-teaches-cooking,90,90,0,f
a03bbf98-761a-49b3-8b49-1df158462716,11/7/2017 13:52,gordon-ramsay-teaches-cooking,90,90,0,f
70f95c02-ed08-42ae-967f-c09b2e58babc,11/7/2017 14:51,annual-pass,180,180,0,f
4439cb8e-36a2-48dd-9308-70463d3ff06b,11/7/2017 15:04,annual-pass,0,0,0,f
11c0e5d4-bd4f-41c2-a17a-d901a9e04b67,11/7/2017 15:12,gordon-ramsay-teaches-cooking,90,90,0,f
db4dc582-4196-4615-a9d8-1f91df85298e,11/7/2017 15:16,gordon-ramsay-teaches-cooking,90,90,0,t
34fd603a-7ff0-4ff6-b4cc-18caee0988b5,11/7/2017 15:41,annual-pass,180,180,0,f
4535d9f6-94f5-4b7c-8019-9d225cc07eb2,11/7/2017 16:20,annual-pass,0,0,0,f
c77ecb73-d350-4c3c-af85-cbe10c0df3a6,11/7/2017 16:48,gordon-ramsay-teaches-cooking,90,90,0,t
c603c3d3-1da1-4da2-8738-83ab61cf90c7,11/7/2017 17:07,gordon-ramsay-teaches-cooking,87,87,0,f
676c3737-639d-40e0-b17f-604fae19b057,11/7/2017 17:30,gordon-ramsay-teaches-cooking,87,87,0,f
3adb84ed-9be0-4db0-8ea4-aee5a8d28eea,11/7/2017 17:32,annual-pass,90,90,0,f
e2821961-f0b8-4c0e-9a70-963dbe988767,11/7/2017 17:39,masterclass,90,90,0,t
202cb609-fb33-4ce2-9ddb-963c3befc84d,11/7/2017 17:44,frank-gehry-teaches-design-and-architecture,90,90,0,f
5cbc00a6-13e6-4191-9c73-e8ebeb436659,11/7/2017 18:23,gordon-ramsay-teaches-cooking,90,90,0,f
2e52805e-e2dc-4844-8a35-aaf2f4556f11,11/7/2017 18:31,gordon-ramsay-teaches-cooking,90,90,0,t
9e0ba2d9-b1a3-4814-ab04-cefee97abb76,11/7/2017 19:40,gordon-ramsay-teaches-cooking,90,90,0,f
e62ed82f-a048-4012-b9b3-f0bd9917a01c,11/7/2017 19:51,gordon-ramsay-teaches-cooking,90,90,0,f
61841948-491e-4d89-aa76-3d957bf36af4,11/7/2017 19:54,bob-woodward-teaches-investigative-journalism,0,0,90,f
cca57427-bbcb-421b-9a09-711421b5796c,11/7/2017 20:27,annual-pass,0,0,0,f
dd983060-d070-4ca8-b39b-0d04b93669fe,11/7/2017 20:29,herbie-hancock-teaches-jazz,90,90,0,f
20978633-a469-4f12-bc6c-894cad13e5fe,11/7/2017 20:52,gordon-ramsay-teaches-cooking,0,0,90,f
cba1489a-1d94-4482-9bbb-29ffdac06c0f,11/7/2017 21:04,bob-woodward-teaches-investigative-journalism,0,0,90,f
42bcd1d1-f705-451c-b52b-e1566b03d924,11/7/2017 21:24,garry-kasparov-teaches-chess,87,87,0,f
4fc3b192-208c-4d59-8e2d-17c56ee3bdef,11/7/2017 22:37,hans-zimmer-teaches-film-scoring,90,90,0,t
63b8ecb0-dccf-4be5-b07e-03ceb9d6f554,11/7/2017 22:55,gordon-ramsay-teaches-cooking,90,90,0,f
fc14599f-1000-47b9-9916-ee322af5901a,11/7/2017 23:07,annual-pass,180,180,0,f
c5364c75-9f46-4baa-b88d-7b3b8411d8d3,11/7/2017 23:48,bob-woodward-teaches-investigative-journalism,0,0,90,f
e0e5e6e1-1574-4165-89dd-8262f7979b44,11/7/2017 23:52,gordon-ramsay-teaches-cooking,90,90,0,t
